molecule_chembl_id,IC50,units,smiles,pIC50
CHEMBL2396992,155000.0,nM,Cc1[nH]c2cc(Cl)cc(Cl)c2c1CCN,3.8096683018297086
CHEMBL2396992,342000.0,nM,Cc1[nH]c2cc(Cl)cc(Cl)c2c1CCN,3.465973893943865
CHEMBL3218635,1200.0,nM,CC(C)[C@@H]1NC(=O)[C@@H](CC(N)=O)NC(=O)[C@H](CCCNC(=N)N)NC(=O)[C@H](CCCNC(=N)N)NC(=O)[C@H](Cc2ccc(F)cc2)NC(=O)[C@H](Cc2ccc(O)cc2)NC(=O)[C@H](CCC(N)=O)NC(=O)C[C@@H](CCc2ccccc2)NC(=O)[C@@H]2CCCCN2C(=O)C(=O)C(C)(C)COC1=O,5.920818753952375
CHEMBL3218636,10000.0,nM,CCCC[C@H]1NC(=O)[C@@H](Cc2ccc3ccccc3c2)NC(=O)[C@@H](Cc2ccc3ccccc3c2)NC(=O)[C@@H](CCCCN)NC(=O)[C@H](CCCNC(=N)N)NC(=O)[C@H](Cc2ccc(F)cc2)NC(=O)[C@H](CCC(N)=O)NC(=O)C[C@@H](CCc2ccccc2)NC(=O)[C@@H]2CCCCN2C(=O)C(=O)C(C)(C)COC1=O,5.0
CHEMBL3218637,1800.0,nM,CC1(C)COC(=O)[C@H](Cc2ccccc2)NC(=O)[C@H](CCCNC(=N)N)NC(=O)CNC(=O)[C@H](Cc2ccc(O)cc2)NC(=O)[C@@H](Cc2ccc3ccccc3c2)NC(=O)[C@H](CCCN)NC(=O)[C@H](CCC(N)=O)NC(=O)C[C@@H](CCc2ccccc2)NC(=O)[C@@H]2CCCCN2C(=O)C1=O,5.7447274948966935
CHEMBL3218638,200.0,nM,CC(C)C[C@@H]1NC(=O)[C@H](CCCNC(=N)N)NC(=O)[C@H](CCCNC(=N)N)NC(=O)[C@H](Cc2ccc(O)cc2)NC(=O)[C@H](Cc2ccc(F)cc2)NC(=O)[C@H](CCCNC(=N)N)NC(=O)[C@H](CCC(N)=O)NC(=O)C[C@@H](CCc2ccccc2)NC(=O)[C@@H]2CCCCN2C(=O)C(=O)C(C)(C)COC1=O,6.698970004336019
CHEMBL3218639,10000.0,nM,CC1(C)COC(=O)[C@H](Cc2ccccc2)NC(=O)[C@H](CCCNC(=N)N)NC(=O)[C@H](Cc2ccc(O)cc2)NC(=O)[C@@H]2CCCN2C(=O)[C@H](Cc2ccc(O)cc2)NC(=O)[C@@H](Cc2ccccc2)NC(=O)[C@H](CCC(N)=O)NC(=O)C[C@@H](CCc2ccccc2)NC(=O)[C@@H]2CCCCN2C(=O)C1=O,5.0
CHEMBL3218640,10000.0,nM,CC(C)C[C@@H]1NC(=O)[C@H](CCC(=O)O)NC(=O)[C@H](c2ccccc2)NC(=O)[C@@H](Cc2ccccc2)NC(=O)[C@H](CCCN)NC(=O)[C@@H]2CCCN2C(=O)[C@H](CCC(N)=O)NC(=O)C[C@@H](CCc2ccccc2)NC(=O)[C@@H]2CCCCN2C(=O)C(=O)C(C)(C)COC1=O,5.0
CHEMBL3218641,700.0,nM,CCCC[C@H]1NC(=O)[C@H](Cc2ccc(F)cc2)NC(=O)[C@H](CCCN=C(N)N)NC(=O)[C@@H](Cc2ccc3ccccc3c2)NC(=O)[C@H](CCCN=C(N)N)NC(=O)[C@H](CCCN=C(N)N)NC(=O)[C@H](CCC(N)=O)NC(=O)C[C@@H](CCc2ccccc2)NC(=O)[C@@H]2CCCCN2C(=O)C(=O)C(C)(C)COC1=O,6.154901959985743
CHEMBL3218642,1100.0,nM,CC1(C)COC(=O)[C@H](Cc2ccccc2)NC(=O)[C@H](CCCNC(=N)N)NC(=O)[C@@H](Cc2ccc3ccccc3c2)NC(=O)[C@H](CCCNC(=N)N)NC(=O)[C@@H](Cc2ccccc2)NC(=O)[C@H](CCCN=C(N)N)NC(=O)[C@H](CCC(N)=O)NC(=O)C[C@@H](CCc2ccccc2)NC(=O)[C@@H]2CCCCN2C(=O)C1=O,5.958607314841775
CHEMBL3218643,2000.0,nM,CC(C)C[C@@H]1NC(=O)[C@@H](Cc2ccc3ccccc3c2)NC(=O)[C@H](CCCNC(=N)N)NC(=O)[C@@H](C(C)C)NC(=O)[C@H](CCCNC(=N)N)NC(=O)[C@H](C)NC(=O)[C@H](CCC(N)=O)NC(=O)C[C@@H](CCc2ccccc2)NC(=O)[C@@H]2CCCCN2C(=O)C(=O)C(C)(C)COC1=O,5.698970004336019
CHEMBL3218644,2300.0,nM,C[C@@H]1NC(=O)[C@H](Cc2ccc(O)cc2)NC(=O)[C@H](CCCNC(=N)N)NC(=O)[C@@H]([C@H](C)O)NC(=O)CNC(=O)[C@H](CCC(N)=O)NC(=O)C[C@@H](CCc2ccccc2)NC(=O)[C@@H]2CCCCN2C(=O)C(=O)C(C)(C)COC(=O)[C@H](Cc2ccccc2)NC1=O,5.638272163982407
CHEMBL2396992,155000.0,nM,Cc1[nH]c2cc(Cl)cc(Cl)c2c1CCN,3.8096683018297086
CHEMBL3577116,120.0,nM,CCn1c(=O)c(-c2cc(NC(=O)NCCC(C)(C)C)c(F)cc2C)cc2cnc(NC)cc21,6.920818753952375
CHEMBL3577115,91.0,nM,CCn1c(=O)c(-c2ccc(F)c(NC(=O)Nc3cc(C(C)(C)C)no3)c2)cc2cnc(NC)cc21,7.040958607678906
CHEMBL3577114,57.0,nM,CNc1cc2c(cn1)cc(-c1ccc(F)c(NC(=O)Nc3cc(C(C)(C)C)no3)c1)c(=O)n2[C@H]1CCOC1,7.2441251443275085
CHEMBL2028663,5880.0,nM,CC(C)(C)c1nc(-c2cccc(NS(=O)(=O)c3c(F)cccc3F)c2F)c(-c2ccnc(N)n2)s1,5.230622673923861
CHEMBL1229517,16600.0,nM,CCCS(=O)(=O)Nc1ccc(F)c(C(=O)c2c[nH]c3ncc(-c4ccc(Cl)cc4)cc23)c1F,4.779891911959945
CHEMBL3577124,150.0,nM,CNc1ncc2cc(-c3cc(NC(=O)NCCC(C)(C)C)c(F)cc3C)c(C)nc2n1,6.823908740944319
CHEMBL3577123,16.0,nM,CNc1ncc2cc(-c3cc(NC(=O)NCCC(C)(C)C)c(F)cc3C)cnc2n1,7.795880017344075
CHEMBL3577121,120.0,nM,CNc1cc2nc(C)c(-c3cc(NC(=O)NCCC(C)(C)C)c(F)cc3C)cc2cn1,6.920818753952375
CHEMBL3577120,46.0,nM,CNc1cc2nc(C)c(-c3ccc(F)c(NC(=O)NCCC(C)(C)C)c3)cc2cn1,7.337242168318426
CHEMBL3577119,48.0,nM,CNc1ncc2cc(-c3ccc(F)c(NC(=O)NCCC(C)(C)C)c3)c(C)nc2n1,7.318758762624412
CHEMBL3577118,270.0,nM,CNc1cc2nc(C)c(-c3cc(NC(=O)NCCC(C)(C)C)ccc3C)cc2cn1,6.568636235841013
CHEMBL3577117,160.0,nM,CNc1cc2nc(C)c(-c3cc(NC(=O)NC[C@@H](O)C(C)(C)C)c(F)cc3C)cc2cn1,6.795880017344075
CHEMBL4072295,42.0,nM,CC[C@H](C)[C@@H]1NC(=O)[C@H](Cc2ccc(O)cc2)NC(=O)[C@H](CC(C)C)NC(=O)[C@@H]2CCCN2C(=O)[C@@H](NC(=O)[C@H](CCCNC(=N)N)NC(=O)[C@H](CCCNC(=N)N)NC(=O)[C@H](CCCNC(=N)N)NC(=O)[C@H](CCCNC(=N)N)NC(C)=O)CSSC[C@@H](C(=O)N[C@@H](CCCNC(=N)N)C(=O)N[C@@H](CCCNC(=N)N)C(=O)N[C@@H](CCCNC(=N)N)C(=O)N[C@@H](CCCNC(=N)N)C(N)=O)NC(=O)[C@H](C(C)C)NC(=O)[C@@H]2CCCN2C(=O)[C@H](CC(=O)O)NC(=O)[C@H](Cc2ccc(O)cc2)NC(=O)[C@H](CO)NC1=O,7.376750709602099
CHEMBL4100766,142.0,nM,CC[C@H](C)[C@@H]1NC(=O)[C@H](Cc2ccc(O)cc2)NC(=O)[C@H](CC(C)C)NC(=O)[C@@H]2CCCN2C(=O)[C@@H](NC(C)=O)CSSC[C@@H](C(N)=O)NC(=O)[C@H](C(C)C)NC(=O)[C@@H]2CCCN2C(=O)[C@H](CC(=O)O)NC(=O)[C@H](Cc2ccc(O)cc2)NC(=O)[C@H](CO)NC1=O,6.847711655616943
CHEMBL4082777,82.0,nM,CC[C@H](C)[C@@H]1NC(=O)[C@H](Cc2ccc(O)cc2)NC(=O)[C@H](CC(C)C)NC(=O)[C@@H]2CCCN2C(=O)[C@@H](NC(=O)[C@H](CCCNC(=N)N)NC(=O)[C@H](CCCNC(=N)N)NC(=O)[C@H](CCCNC(=N)N)NC(=O)[C@@H](CCCNC(=N)N)NC(C)=O)CSSC[C@@H](C(=O)N[C@@H](CCCNC(=N)N)C(=O)N[C@@H](CCCNC(=N)N)C(=O)N[C@@H](CCCNC(=N)N)C(=O)N[C@H](CCCNC(=N)N)C(N)=O)NC(=O)[C@H](C(C)C)NC(=O)[C@@H]2CCCN2C(=O)[C@H](CC(=O)O)NC(=O)[C@H](Cc2ccc(O)cc2)NC(=O)[C@H](CO)NC1=O,7.086186147616283
CHEMBL4075048,763.0,nM,CC[C@H](C)[C@@H]1NC(=O)[C@H](Cc2ccc(O)cc2)NC(=O)[C@H](CC(C)C)NC(=O)[C@H](C)NC(=O)[C@@H](NC(=O)[C@H](CCCNC(=N)N)NC(=O)[C@H](CCCNC(=N)N)NC(=O)[C@H](CCCNC(=N)N)NC(=O)[C@H](CCCNC(=N)N)NC(C)=O)CSSC[C@@H](C(=O)N[C@@H](CCCNC(=N)N)C(=O)N[C@@H](CCCNC(=N)N)C(=O)N[C@@H](CCCNC(=N)N)C(=O)N[C@@H](CCCNC(=N)N)C(N)=O)NC(=O)[C@H](C(C)C)NC(=O)[C@@H]2CCCN2C(=O)[C@H](CC(=O)O)NC(=O)[C@H](Cc2ccc(O)cc2)NC(=O)[C@H](CO)NC1=O,6.117475462045119
CHEMBL4084139,100000.0,nM,CC[C@H](C)[C@@H]1NC(=O)[C@H](Cc2ccc(O)cc2)NC(=O)[C@H](C)NC(=O)[C@@H]2CCCN2C(=O)[C@@H](NC(=O)[C@H](CCCNC(=N)N)NC(=O)[C@H](CCCNC(=N)N)NC(=O)[C@H](CCCNC(=N)N)NC(=O)[C@H](CCCNC(=N)N)NC(C)=O)CSSC[C@@H](C(=O)N[C@@H](CCCNC(=N)N)C(=O)N[C@@H](CCCNC(=N)N)C(=O)N[C@@H](CCCNC(=N)N)C(=O)N[C@@H](CCCNC(=N)N)C(N)=O)NC(=O)[C@H](C(C)C)NC(=O)[C@@H]2CCCN2C(=O)[C@H](CC(=O)O)NC(=O)[C@H](Cc2ccc(O)cc2)NC(=O)[C@H](CO)NC1=O,4.0
CHEMBL4063829,1730.0,nM,CC[C@H](C)[C@@H]1NC(=O)[C@H](C)NC(=O)[C@H](CC(C)C)NC(=O)[C@@H]2CCCN2C(=O)[C@@H](NC(=O)[C@H](CCCNC(=N)N)NC(=O)[C@H](CCCNC(=N)N)NC(=O)[C@H](CCCNC(=N)N)NC(=O)[C@H](CCCNC(=N)N)NC(C)=O)CSSC[C@@H](C(=O)N[C@@H](CCCNC(=N)N)C(=O)N[C@@H](CCCNC(=N)N)C(=O)N[C@@H](CCCNC(=N)N)C(=O)N[C@@H](CCCNC(=N)N)C(N)=O)NC(=O)[C@H](C(C)C)NC(=O)[C@@H]2CCCN2C(=O)[C@H](CC(=O)O)NC(=O)[C@H](Cc2ccc(O)cc2)NC(=O)[C@H](CO)NC1=O,5.761953896871205
CHEMBL4075783,39300.0,nM,CC(=O)N[C@@H](CCCNC(=N)N)C(=O)N[C@@H](CCCNC(=N)N)C(=O)N[C@@H](CCCNC(=N)N)C(=O)N[C@@H](CCCNC(=N)N)C(=O)N[C@H]1CSSC[C@@H](C(=O)N[C@@H](CCCNC(=N)N)C(=O)N[C@@H](CCCNC(=N)N)C(=O)N[C@@H](CCCNC(=N)N)C(=O)N[C@@H](CCCNC(=N)N)C(N)=O)NC(=O)[C@H](C(C)C)NC(=O)[C@@H]2CCCN2C(=O)[C@H](CC(=O)O)NC(=O)[C@H](Cc2ccc(O)cc2)NC(=O)[C@H](CO)NC(=O)[C@H](C)NC(=O)[C@H](Cc2ccc(O)cc2)NC(=O)[C@H](CC(C)C)NC(=O)[C@@H]2CCCN2C1=O,4.405607449624573
CHEMBL4081818,764.0,nM,CC[C@H](C)[C@@H]1NC(=O)[C@H](Cc2ccc(O)cc2)NC(=O)[C@H](CC(C)C)NC(=O)[C@@H]2CCCN2C(=O)[C@@H](NC(=O)[C@H](CCCNC(=N)N)NC(=O)[C@H](CCCNC(=N)N)NC(=O)[C@H](CCCNC(=N)N)NC(=O)[C@H](CCCNC(=N)N)NC(C)=O)CSSC[C@@H](C(=O)N[C@@H](CCCNC(=N)N)C(=O)N[C@@H](CCCNC(=N)N)C(=O)N[C@@H](CCCNC(=N)N)C(=O)N[C@@H](CCCNC(=N)N)C(N)=O)NC(=O)[C@H](C(C)C)NC(=O)[C@@H]2CCCN2C(=O)[C@H](CC(=O)O)NC(=O)[C@H](Cc2ccc(O)cc2)NC(=O)[C@H](C)NC1=O,6.11690664142431
CHEMBL4062018,4190.0,nM,CC[C@H](C)[C@@H]1NC(=O)[C@H](Cc2ccc(O)cc2)NC(=O)[C@H](CC(C)C)NC(=O)[C@@H]2CCCN2C(=O)[C@@H](NC(=O)[C@H](CCCNC(=N)N)NC(=O)[C@H](CCCNC(=N)N)NC(=O)[C@H](CCCNC(=N)N)NC(=O)[C@H](CCCNC(=N)N)NC(C)=O)CSSC[C@@H](C(=O)N[C@@H](CCCNC(=N)N)C(=O)N[C@@H](CCCNC(=N)N)C(=O)N[C@@H](CCCNC(=N)N)C(=O)N[C@@H](CCCNC(=N)N)C(N)=O)NC(=O)[C@H](C(C)C)NC(=O)[C@@H]2CCCN2C(=O)[C@H](CC(=O)O)NC(=O)[C@H](C)NC(=O)[C@H](CO)NC1=O,5.377785977033705
CHEMBL4074790,65000.0,nM,CC[C@H](C)[C@@H]1NC(=O)[C@H](Cc2ccc(O)cc2)NC(=O)[C@H](CC(C)C)NC(=O)[C@@H]2CCCN2C(=O)[C@@H](NC(=O)[C@H](CCCNC(=N)N)NC(=O)[C@H](CCCNC(=N)N)NC(=O)[C@H](CCCNC(=N)N)NC(=O)[C@H](CCCNC(=N)N)NC(C)=O)CSSC[C@@H](C(=O)N[C@@H](CCCNC(=N)N)C(=O)N[C@@H](CCCNC(=N)N)C(=O)N[C@@H](CCCNC(=N)N)C(=O)N[C@@H](CCCNC(=N)N)C(N)=O)NC(=O)[C@H](C(C)C)NC(=O)[C@@H]2CCCN2C(=O)[C@H](C)NC(=O)[C@H](Cc2ccc(O)cc2)NC(=O)[C@H](CO)NC1=O,4.187086643357144
CHEMBL4083770,216.0,nM,CC[C@H](C)[C@@H]1NC(=O)[C@H](Cc2ccc(O)cc2)NC(=O)[C@H](CC(C)C)NC(=O)[C@@H]2CCCN2C(=O)[C@@H](NC(=O)[C@H](CCCNC(=N)N)NC(=O)[C@H](CCCNC(=N)N)NC(=O)[C@H](CCCNC(=N)N)NC(=O)[C@H](CCCNC(=N)N)NC(C)=O)CSSC[C@@H](C(=O)N[C@@H](CCCNC(=N)N)C(=O)N[C@@H](CCCNC(=N)N)C(=O)N[C@@H](CCCNC(=N)N)C(=O)N[C@@H](CCCNC(=N)N)C(N)=O)NC(=O)[C@H](C(C)C)NC(=O)[C@H](C)NC(=O)[C@H](CC(=O)O)NC(=O)[C@H](Cc2ccc(O)cc2)NC(=O)[C@H](CO)NC1=O,6.665546248849069
CHEMBL4070657,105.0,nM,CC[C@H](C)[C@@H]1NC(=O)[C@H](Cc2ccc(O)cc2)NC(=O)[C@H](CC(C)C)NC(=O)[C@@H]2CCCN2C(=O)[C@@H](NC(=O)[C@H](CCCNC(=N)N)NC(=O)[C@H](CCCNC(=N)N)NC(=O)[C@H](CCCNC(=N)N)NC(=O)[C@H](CCCNC(=N)N)NC(C)=O)CSSC[C@@H](C(=O)N[C@@H](CCCNC(=N)N)C(=O)N[C@@H](CCCNC(=N)N)C(=O)N[C@@H](CCCNC(=N)N)C(=O)N[C@@H](CCCNC(=N)N)C(N)=O)NC(=O)[C@H](C)NC(=O)[C@@H]2CCCN2C(=O)[C@H](CC(=O)O)NC(=O)[C@H](Cc2ccc(O)cc2)NC(=O)[C@H](CO)NC1=O,6.978810700930062
CHEMBL4091553,439.0,nM,CC[C@H](C)[C@@H]1NC(=O)[C@H](Cc2ccc(O)cc2)NC(=O)[C@H](CC(C)C)NC(=O)[C@@H]2CCCN2C(=O)[C@@H](NC(=O)[C@H](CCCNC(=N)N)NC(=O)[C@H](CCCNC(=N)N)NC(=O)[C@H](CCCNC(=N)N)NC(=O)[C@H](CCCNC(=N)N)NC(C)=O)CSCSC[C@@H](C(=O)N[C@@H](CCCNC(=N)N)C(=O)N[C@@H](CCCNC(=N)N)C(=O)N[C@@H](CCCNC(=N)N)C(=O)N[C@@H](CCCNC(=N)N)C(N)=O)NC(=O)[C@H](C(C)C)NC(=O)[C@@H]2CCCN2C(=O)[C@H](CC(=O)O)NC(=O)[C@H](Cc2ccc(O)cc2)NC(=O)[C@H](CO)NC1=O,6.357535479757878
CHEMBL4081270,655.0,nM,CC[C@H](C)[C@@H]1NC(=O)[C@H](Cc2ccc(O)cc2)NC(=O)[C@H](CC(C)C)NC(=O)[C@@H]2CCCN2C(=O)[C@@H](NC(=O)[C@H](CCCNC(=N)N)NC(=O)[C@H](CCCNC(=N)N)NC(=O)[C@H](CCCNC(=N)N)NC(=O)[C@H](CCCNC(=N)N)NC(C)=O)CSCCSC[C@@H](C(=O)N[C@@H](CCCNC(=N)N)C(=O)N[C@@H](CCCNC(=N)N)C(=O)N[C@@H](CCCNC(=N)N)C(=O)N[C@@H](CCCNC(=N)N)C(N)=O)NC(=O)[C@H](C(C)C)NC(=O)[C@@H]2CCCN2C(=O)[C@H](CC(=O)O)NC(=O)[C@H](Cc2ccc(O)cc2)NC(=O)[C@H](CO)NC1=O,6.183758700008217
CHEMBL4099289,2010.0,nM,CC[C@H](C)[C@@H]1NC(=O)[C@H](Cc2ccc(O)cc2)NC(=O)[C@H](CC(C)C)NC(=O)[C@@H]2CCCN2C(=O)[C@@H](NC(=O)[C@H](CCCNC(=N)N)NC(=O)[C@H](CCCNC(=N)N)NC(=O)[C@H](CCCNC(=N)N)NC(=O)[C@H](CCCNC(=N)N)NC(C)=O)CSCCCSC[C@@H](C(=O)N[C@@H](CCCNC(=N)N)C(=O)N[C@@H](CCCNC(=N)N)C(=O)N[C@@H](CCCNC(=N)N)C(=O)N[C@@H](CCCNC(=N)N)C(N)=O)NC(=O)[C@H](C(C)C)NC(=O)[C@@H]2CCCN2C(=O)[C@H](CC(=O)O)NC(=O)[C@H](Cc2ccc(O)cc2)NC(=O)[C@H](CO)NC1=O,5.696803942579511
CHEMBL4089137,3920.0,nM,CC[C@H](C)[C@@H]1NC(=O)[C@H](Cc2ccc(O)cc2)NC(=O)[C@H](CC(C)C)NC(=O)[C@@H]2CCCN2C(=O)[C@@H](NC(=O)[C@H](CCCNC(=N)N)NC(=O)[C@H](CCCNC(=N)N)NC(=O)[C@H](CCCNC(=N)N)NC(=O)[C@H](CCCNC(=N)N)NC(C)=O)CSC2=C(SC[C@@H](C(=O)N[C@@H](CCCNC(=N)N)C(=O)N[C@@H](CCCNC(=N)N)C(=O)N[C@@H](CCCNC(=N)N)C(=O)N[C@@H](CCCNC(=N)N)C(N)=O)NC(=O)[C@H](C(C)C)NC(=O)[C@@H]3CCCN3C(=O)[C@H](CC(=O)O)NC(=O)[C@H](Cc3ccc(O)cc3)NC(=O)[C@H](CO)NC1=O)C(=O)NC2=O,5.406713932979542
CHEMBL4060952,31000.0,nM,CC[C@H](C)[C@@H]1NC(=O)[C@H](Cc2ccc(O)cc2)NC(=O)[C@H](CC(C)C)NC(=O)[C@@H]2CCCN2C(=O)[C@@H](NC(=O)[C@H](CCCNC(=N)N)NC(=O)[C@H](CCCNC(=N)N)NC(=O)[C@H](CCCNC(=N)N)NC(=O)[C@H](CCCNC(=N)N)NC(C)=O)CSCc2ccccc2CSC[C@@H](C(=O)N[C@@H](CCCNC(=N)N)C(=O)N[C@@H](CCCNC(=N)N)C(=O)N[C@@H](CCCNC(=N)N)C(=O)N[C@@H](CCCNC(=N)N)C(N)=O)NC(=O)[C@H](C(C)C)NC(=O)[C@@H]2CCCN2C(=O)[C@H](CC(=O)O)NC(=O)[C@H](Cc2ccc(O)cc2)NC(=O)[C@H](CO)NC1=O,4.508638306165727
CHEMBL4072295,18.0,nM,CC[C@H](C)[C@@H]1NC(=O)[C@H](Cc2ccc(O)cc2)NC(=O)[C@H](CC(C)C)NC(=O)[C@@H]2CCCN2C(=O)[C@@H](NC(=O)[C@H](CCCNC(=N)N)NC(=O)[C@H](CCCNC(=N)N)NC(=O)[C@H](CCCNC(=N)N)NC(=O)[C@H](CCCNC(=N)N)NC(C)=O)CSSC[C@@H](C(=O)N[C@@H](CCCNC(=N)N)C(=O)N[C@@H](CCCNC(=N)N)C(=O)N[C@@H](CCCNC(=N)N)C(=O)N[C@@H](CCCNC(=N)N)C(N)=O)NC(=O)[C@H](C(C)C)NC(=O)[C@@H]2CCCN2C(=O)[C@H](CC(=O)O)NC(=O)[C@H](Cc2ccc(O)cc2)NC(=O)[C@H](CO)NC1=O,7.7447274948966935
CHEMBL4100766,82.0,nM,CC[C@H](C)[C@@H]1NC(=O)[C@H](Cc2ccc(O)cc2)NC(=O)[C@H](CC(C)C)NC(=O)[C@@H]2CCCN2C(=O)[C@@H](NC(C)=O)CSSC[C@@H](C(N)=O)NC(=O)[C@H](C(C)C)NC(=O)[C@@H]2CCCN2C(=O)[C@H](CC(=O)O)NC(=O)[C@H](Cc2ccc(O)cc2)NC(=O)[C@H](CO)NC1=O,7.086186147616283
CHEMBL4082777,35.0,nM,CC[C@H](C)[C@@H]1NC(=O)[C@H](Cc2ccc(O)cc2)NC(=O)[C@H](CC(C)C)NC(=O)[C@@H]2CCCN2C(=O)[C@@H](NC(=O)[C@H](CCCNC(=N)N)NC(=O)[C@H](CCCNC(=N)N)NC(=O)[C@H](CCCNC(=N)N)NC(=O)[C@@H](CCCNC(=N)N)NC(C)=O)CSSC[C@@H](C(=O)N[C@@H](CCCNC(=N)N)C(=O)N[C@@H](CCCNC(=N)N)C(=O)N[C@@H](CCCNC(=N)N)C(=O)N[C@H](CCCNC(=N)N)C(N)=O)NC(=O)[C@H](C(C)C)NC(=O)[C@@H]2CCCN2C(=O)[C@H](CC(=O)O)NC(=O)[C@H](Cc2ccc(O)cc2)NC(=O)[C@H](CO)NC1=O,7.455931955649724
CHEMBL4075048,113.0,nM,CC[C@H](C)[C@@H]1NC(=O)[C@H](Cc2ccc(O)cc2)NC(=O)[C@H](CC(C)C)NC(=O)[C@H](C)NC(=O)[C@@H](NC(=O)[C@H](CCCNC(=N)N)NC(=O)[C@H](CCCNC(=N)N)NC(=O)[C@H](CCCNC(=N)N)NC(=O)[C@H](CCCNC(=N)N)NC(C)=O)CSSC[C@@H](C(=O)N[C@@H](CCCNC(=N)N)C(=O)N[C@@H](CCCNC(=N)N)C(=O)N[C@@H](CCCNC(=N)N)C(=O)N[C@@H](CCCNC(=N)N)C(N)=O)NC(=O)[C@H](C(C)C)NC(=O)[C@@H]2CCCN2C(=O)[C@H](CC(=O)O)NC(=O)[C@H](Cc2ccc(O)cc2)NC(=O)[C@H](CO)NC1=O,6.94692155651658
CHEMBL4084139,1630.0,nM,CC[C@H](C)[C@@H]1NC(=O)[C@H](Cc2ccc(O)cc2)NC(=O)[C@H](C)NC(=O)[C@@H]2CCCN2C(=O)[C@@H](NC(=O)[C@H](CCCNC(=N)N)NC(=O)[C@H](CCCNC(=N)N)NC(=O)[C@H](CCCNC(=N)N)NC(=O)[C@H](CCCNC(=N)N)NC(C)=O)CSSC[C@@H](C(=O)N[C@@H](CCCNC(=N)N)C(=O)N[C@@H](CCCNC(=N)N)C(=O)N[C@@H](CCCNC(=N)N)C(=O)N[C@@H](CCCNC(=N)N)C(N)=O)NC(=O)[C@H](C(C)C)NC(=O)[C@@H]2CCCN2C(=O)[C@H](CC(=O)O)NC(=O)[C@H](Cc2ccc(O)cc2)NC(=O)[C@H](CO)NC1=O,5.787812395596042
CHEMBL4063829,53.0,nM,CC[C@H](C)[C@@H]1NC(=O)[C@H](C)NC(=O)[C@H](CC(C)C)NC(=O)[C@@H]2CCCN2C(=O)[C@@H](NC(=O)[C@H](CCCNC(=N)N)NC(=O)[C@H](CCCNC(=N)N)NC(=O)[C@H](CCCNC(=N)N)NC(=O)[C@H](CCCNC(=N)N)NC(C)=O)CSSC[C@@H](C(=O)N[C@@H](CCCNC(=N)N)C(=O)N[C@@H](CCCNC(=N)N)C(=O)N[C@@H](CCCNC(=N)N)C(=O)N[C@@H](CCCNC(=N)N)C(N)=O)NC(=O)[C@H](C(C)C)NC(=O)[C@@H]2CCCN2C(=O)[C@H](CC(=O)O)NC(=O)[C@H](Cc2ccc(O)cc2)NC(=O)[C@H](CO)NC1=O,7.275724130399211
CHEMBL4075783,5190.0,nM,CC(=O)N[C@@H](CCCNC(=N)N)C(=O)N[C@@H](CCCNC(=N)N)C(=O)N[C@@H](CCCNC(=N)N)C(=O)N[C@@H](CCCNC(=N)N)C(=O)N[C@H]1CSSC[C@@H](C(=O)N[C@@H](CCCNC(=N)N)C(=O)N[C@@H](CCCNC(=N)N)C(=O)N[C@@H](CCCNC(=N)N)C(=O)N[C@@H](CCCNC(=N)N)C(N)=O)NC(=O)[C@H](C(C)C)NC(=O)[C@@H]2CCCN2C(=O)[C@H](CC(=O)O)NC(=O)[C@H](Cc2ccc(O)cc2)NC(=O)[C@H](CO)NC(=O)[C@H](C)NC(=O)[C@H](Cc2ccc(O)cc2)NC(=O)[C@H](CC(C)C)NC(=O)[C@@H]2CCCN2C1=O,5.284832642151542
CHEMBL4081818,36.0,nM,CC[C@H](C)[C@@H]1NC(=O)[C@H](Cc2ccc(O)cc2)NC(=O)[C@H](CC(C)C)NC(=O)[C@@H]2CCCN2C(=O)[C@@H](NC(=O)[C@H](CCCNC(=N)N)NC(=O)[C@H](CCCNC(=N)N)NC(=O)[C@H](CCCNC(=N)N)NC(=O)[C@H](CCCNC(=N)N)NC(C)=O)CSSC[C@@H](C(=O)N[C@@H](CCCNC(=N)N)C(=O)N[C@@H](CCCNC(=N)N)C(=O)N[C@@H](CCCNC(=N)N)C(=O)N[C@@H](CCCNC(=N)N)C(N)=O)NC(=O)[C@H](C(C)C)NC(=O)[C@@H]2CCCN2C(=O)[C@H](CC(=O)O)NC(=O)[C@H](Cc2ccc(O)cc2)NC(=O)[C@H](C)NC1=O,7.443697499232712
CHEMBL4062018,358.0,nM,CC[C@H](C)[C@@H]1NC(=O)[C@H](Cc2ccc(O)cc2)NC(=O)[C@H](CC(C)C)NC(=O)[C@@H]2CCCN2C(=O)[C@@H](NC(=O)[C@H](CCCNC(=N)N)NC(=O)[C@H](CCCNC(=N)N)NC(=O)[C@H](CCCNC(=N)N)NC(=O)[C@H](CCCNC(=N)N)NC(C)=O)CSSC[C@@H](C(=O)N[C@@H](CCCNC(=N)N)C(=O)N[C@@H](CCCNC(=N)N)C(=O)N[C@@H](CCCNC(=N)N)C(=O)N[C@@H](CCCNC(=N)N)C(N)=O)NC(=O)[C@H](C(C)C)NC(=O)[C@@H]2CCCN2C(=O)[C@H](CC(=O)O)NC(=O)[C@H](C)NC(=O)[C@H](CO)NC1=O,6.446116973356125
CHEMBL4074790,975.0,nM,CC[C@H](C)[C@@H]1NC(=O)[C@H](Cc2ccc(O)cc2)NC(=O)[C@H](CC(C)C)NC(=O)[C@@H]2CCCN2C(=O)[C@@H](NC(=O)[C@H](CCCNC(=N)N)NC(=O)[C@H](CCCNC(=N)N)NC(=O)[C@H](CCCNC(=N)N)NC(=O)[C@H](CCCNC(=N)N)NC(C)=O)CSSC[C@@H](C(=O)N[C@@H](CCCNC(=N)N)C(=O)N[C@@H](CCCNC(=N)N)C(=O)N[C@@H](CCCNC(=N)N)C(=O)N[C@@H](CCCNC(=N)N)C(N)=O)NC(=O)[C@H](C(C)C)NC(=O)[C@@H]2CCCN2C(=O)[C@H](C)NC(=O)[C@H](Cc2ccc(O)cc2)NC(=O)[C@H](CO)NC1=O,6.010995384301463
CHEMBL4083770,12.0,nM,CC[C@H](C)[C@@H]1NC(=O)[C@H](Cc2ccc(O)cc2)NC(=O)[C@H](CC(C)C)NC(=O)[C@@H]2CCCN2C(=O)[C@@H](NC(=O)[C@H](CCCNC(=N)N)NC(=O)[C@H](CCCNC(=N)N)NC(=O)[C@H](CCCNC(=N)N)NC(=O)[C@H](CCCNC(=N)N)NC(C)=O)CSSC[C@@H](C(=O)N[C@@H](CCCNC(=N)N)C(=O)N[C@@H](CCCNC(=N)N)C(=O)N[C@@H](CCCNC(=N)N)C(=O)N[C@@H](CCCNC(=N)N)C(N)=O)NC(=O)[C@H](C(C)C)NC(=O)[C@H](C)NC(=O)[C@H](CC(=O)O)NC(=O)[C@H](Cc2ccc(O)cc2)NC(=O)[C@H](CO)NC1=O,7.920818753952375
CHEMBL4070657,44.0,nM,CC[C@H](C)[C@@H]1NC(=O)[C@H](Cc2ccc(O)cc2)NC(=O)[C@H](CC(C)C)NC(=O)[C@@H]2CCCN2C(=O)[C@@H](NC(=O)[C@H](CCCNC(=N)N)NC(=O)[C@H](CCCNC(=N)N)NC(=O)[C@H](CCCNC(=N)N)NC(=O)[C@H](CCCNC(=N)N)NC(C)=O)CSSC[C@@H](C(=O)N[C@@H](CCCNC(=N)N)C(=O)N[C@@H](CCCNC(=N)N)C(=O)N[C@@H](CCCNC(=N)N)C(=O)N[C@@H](CCCNC(=N)N)C(N)=O)NC(=O)[C@H](C)NC(=O)[C@@H]2CCCN2C(=O)[C@H](CC(=O)O)NC(=O)[C@H](Cc2ccc(O)cc2)NC(=O)[C@H](CO)NC1=O,7.356547323513812
CHEMBL4091553,243.0,nM,CC[C@H](C)[C@@H]1NC(=O)[C@H](Cc2ccc(O)cc2)NC(=O)[C@H](CC(C)C)NC(=O)[C@@H]2CCCN2C(=O)[C@@H](NC(=O)[C@H](CCCNC(=N)N)NC(=O)[C@H](CCCNC(=N)N)NC(=O)[C@H](CCCNC(=N)N)NC(=O)[C@H](CCCNC(=N)N)NC(C)=O)CSCSC[C@@H](C(=O)N[C@@H](CCCNC(=N)N)C(=O)N[C@@H](CCCNC(=N)N)C(=O)N[C@@H](CCCNC(=N)N)C(=O)N[C@@H](CCCNC(=N)N)C(N)=O)NC(=O)[C@H](C(C)C)NC(=O)[C@@H]2CCCN2C(=O)[C@H](CC(=O)O)NC(=O)[C@H](Cc2ccc(O)cc2)NC(=O)[C@H](CO)NC1=O,6.614393726401688
CHEMBL4081270,426.0,nM,CC[C@H](C)[C@@H]1NC(=O)[C@H](Cc2ccc(O)cc2)NC(=O)[C@H](CC(C)C)NC(=O)[C@@H]2CCCN2C(=O)[C@@H](NC(=O)[C@H](CCCNC(=N)N)NC(=O)[C@H](CCCNC(=N)N)NC(=O)[C@H](CCCNC(=N)N)NC(=O)[C@H](CCCNC(=N)N)NC(C)=O)CSCCSC[C@@H](C(=O)N[C@@H](CCCNC(=N)N)C(=O)N[C@@H](CCCNC(=N)N)C(=O)N[C@@H](CCCNC(=N)N)C(=O)N[C@@H](CCCNC(=N)N)C(N)=O)NC(=O)[C@H](C(C)C)NC(=O)[C@@H]2CCCN2C(=O)[C@H](CC(=O)O)NC(=O)[C@H](Cc2ccc(O)cc2)NC(=O)[C@H](CO)NC1=O,6.370590400897281
CHEMBL4099289,848.0,nM,CC[C@H](C)[C@@H]1NC(=O)[C@H](Cc2ccc(O)cc2)NC(=O)[C@H](CC(C)C)NC(=O)[C@@H]2CCCN2C(=O)[C@@H](NC(=O)[C@H](CCCNC(=N)N)NC(=O)[C@H](CCCNC(=N)N)NC(=O)[C@H](CCCNC(=N)N)NC(=O)[C@H](CCCNC(=N)N)NC(C)=O)CSCCCSC[C@@H](C(=O)N[C@@H](CCCNC(=N)N)C(=O)N[C@@H](CCCNC(=N)N)C(=O)N[C@@H](CCCNC(=N)N)C(=O)N[C@@H](CCCNC(=N)N)C(N)=O)NC(=O)[C@H](C(C)C)NC(=O)[C@@H]2CCCN2C(=O)[C@H](CC(=O)O)NC(=O)[C@H](Cc2ccc(O)cc2)NC(=O)[C@H](CO)NC1=O,6.071604147743286
CHEMBL4089137,197.0,nM,CC[C@H](C)[C@@H]1NC(=O)[C@H](Cc2ccc(O)cc2)NC(=O)[C@H](CC(C)C)NC(=O)[C@@H]2CCCN2C(=O)[C@@H](NC(=O)[C@H](CCCNC(=N)N)NC(=O)[C@H](CCCNC(=N)N)NC(=O)[C@H](CCCNC(=N)N)NC(=O)[C@H](CCCNC(=N)N)NC(C)=O)CSC2=C(SC[C@@H](C(=O)N[C@@H](CCCNC(=N)N)C(=O)N[C@@H](CCCNC(=N)N)C(=O)N[C@@H](CCCNC(=N)N)C(=O)N[C@@H](CCCNC(=N)N)C(N)=O)NC(=O)[C@H](C(C)C)NC(=O)[C@@H]3CCCN3C(=O)[C@H](CC(=O)O)NC(=O)[C@H](Cc3ccc(O)cc3)NC(=O)[C@H](CO)NC1=O)C(=O)NC2=O,6.705533773838407
CHEMBL4060952,24600.0,nM,CC[C@H](C)[C@@H]1NC(=O)[C@H](Cc2ccc(O)cc2)NC(=O)[C@H](CC(C)C)NC(=O)[C@@H]2CCCN2C(=O)[C@@H](NC(=O)[C@H](CCCNC(=N)N)NC(=O)[C@H](CCCNC(=N)N)NC(=O)[C@H](CCCNC(=N)N)NC(=O)[C@H](CCCNC(=N)N)NC(C)=O)CSCc2ccccc2CSC[C@@H](C(=O)N[C@@H](CCCNC(=N)N)C(=O)N[C@@H](CCCNC(=N)N)C(=O)N[C@@H](CCCNC(=N)N)C(=O)N[C@@H](CCCNC(=N)N)C(N)=O)NC(=O)[C@H](C(C)C)NC(=O)[C@@H]2CCCN2C(=O)[C@H](CC(=O)O)NC(=O)[C@H](Cc2ccc(O)cc2)NC(=O)[C@H](CO)NC1=O,4.609064892896621
CHEMBL4072295,1.6,nM,CC[C@H](C)[C@@H]1NC(=O)[C@H](Cc2ccc(O)cc2)NC(=O)[C@H](CC(C)C)NC(=O)[C@@H]2CCCN2C(=O)[C@@H](NC(=O)[C@H](CCCNC(=N)N)NC(=O)[C@H](CCCNC(=N)N)NC(=O)[C@H](CCCNC(=N)N)NC(=O)[C@H](CCCNC(=N)N)NC(C)=O)CSSC[C@@H](C(=O)N[C@@H](CCCNC(=N)N)C(=O)N[C@@H](CCCNC(=N)N)C(=O)N[C@@H](CCCNC(=N)N)C(=O)N[C@@H](CCCNC(=N)N)C(N)=O)NC(=O)[C@H](C(C)C)NC(=O)[C@@H]2CCCN2C(=O)[C@H](CC(=O)O)NC(=O)[C@H](Cc2ccc(O)cc2)NC(=O)[C@H](CO)NC1=O,8.795880017344075
CHEMBL4100766,11.0,nM,CC[C@H](C)[C@@H]1NC(=O)[C@H](Cc2ccc(O)cc2)NC(=O)[C@H](CC(C)C)NC(=O)[C@@H]2CCCN2C(=O)[C@@H](NC(C)=O)CSSC[C@@H](C(N)=O)NC(=O)[C@H](C(C)C)NC(=O)[C@@H]2CCCN2C(=O)[C@H](CC(=O)O)NC(=O)[C@H](Cc2ccc(O)cc2)NC(=O)[C@H](CO)NC1=O,7.958607314841775
CHEMBL4082777,6.1,nM,CC[C@H](C)[C@@H]1NC(=O)[C@H](Cc2ccc(O)cc2)NC(=O)[C@H](CC(C)C)NC(=O)[C@@H]2CCCN2C(=O)[C@@H](NC(=O)[C@H](CCCNC(=N)N)NC(=O)[C@H](CCCNC(=N)N)NC(=O)[C@H](CCCNC(=N)N)NC(=O)[C@@H](CCCNC(=N)N)NC(C)=O)CSSC[C@@H](C(=O)N[C@@H](CCCNC(=N)N)C(=O)N[C@@H](CCCNC(=N)N)C(=O)N[C@@H](CCCNC(=N)N)C(=O)N[C@H](CCCNC(=N)N)C(N)=O)NC(=O)[C@H](C(C)C)NC(=O)[C@@H]2CCCN2C(=O)[C@H](CC(=O)O)NC(=O)[C@H](Cc2ccc(O)cc2)NC(=O)[C@H](CO)NC1=O,8.214670164989233
CHEMBL4075048,19.0,nM,CC[C@H](C)[C@@H]1NC(=O)[C@H](Cc2ccc(O)cc2)NC(=O)[C@H](CC(C)C)NC(=O)[C@H](C)NC(=O)[C@@H](NC(=O)[C@H](CCCNC(=N)N)NC(=O)[C@H](CCCNC(=N)N)NC(=O)[C@H](CCCNC(=N)N)NC(=O)[C@H](CCCNC(=N)N)NC(C)=O)CSSC[C@@H](C(=O)N[C@@H](CCCNC(=N)N)C(=O)N[C@@H](CCCNC(=N)N)C(=O)N[C@@H](CCCNC(=N)N)C(=O)N[C@@H](CCCNC(=N)N)C(N)=O)NC(=O)[C@H](C(C)C)NC(=O)[C@@H]2CCCN2C(=O)[C@H](CC(=O)O)NC(=O)[C@H](Cc2ccc(O)cc2)NC(=O)[C@H](CO)NC1=O,7.721246399047171
CHEMBL4084139,1790.0,nM,CC[C@H](C)[C@@H]1NC(=O)[C@H](Cc2ccc(O)cc2)NC(=O)[C@H](C)NC(=O)[C@@H]2CCCN2C(=O)[C@@H](NC(=O)[C@H](CCCNC(=N)N)NC(=O)[C@H](CCCNC(=N)N)NC(=O)[C@H](CCCNC(=N)N)NC(=O)[C@H](CCCNC(=N)N)NC(C)=O)CSSC[C@@H](C(=O)N[C@@H](CCCNC(=N)N)C(=O)N[C@@H](CCCNC(=N)N)C(=O)N[C@@H](CCCNC(=N)N)C(=O)N[C@@H](CCCNC(=N)N)C(N)=O)NC(=O)[C@H](C(C)C)NC(=O)[C@@H]2CCCN2C(=O)[C@H](CC(=O)O)NC(=O)[C@H](Cc2ccc(O)cc2)NC(=O)[C@H](CO)NC1=O,5.747146969020107
CHEMBL4063829,50.0,nM,CC[C@H](C)[C@@H]1NC(=O)[C@H](C)NC(=O)[C@H](CC(C)C)NC(=O)[C@@H]2CCCN2C(=O)[C@@H](NC(=O)[C@H](CCCNC(=N)N)NC(=O)[C@H](CCCNC(=N)N)NC(=O)[C@H](CCCNC(=N)N)NC(=O)[C@H](CCCNC(=N)N)NC(C)=O)CSSC[C@@H](C(=O)N[C@@H](CCCNC(=N)N)C(=O)N[C@@H](CCCNC(=N)N)C(=O)N[C@@H](CCCNC(=N)N)C(=O)N[C@@H](CCCNC(=N)N)C(N)=O)NC(=O)[C@H](C(C)C)NC(=O)[C@@H]2CCCN2C(=O)[C@H](CC(=O)O)NC(=O)[C@H](Cc2ccc(O)cc2)NC(=O)[C@H](CO)NC1=O,7.301029995663981
CHEMBL4075783,20600.0,nM,CC(=O)N[C@@H](CCCNC(=N)N)C(=O)N[C@@H](CCCNC(=N)N)C(=O)N[C@@H](CCCNC(=N)N)C(=O)N[C@@H](CCCNC(=N)N)C(=O)N[C@H]1CSSC[C@@H](C(=O)N[C@@H](CCCNC(=N)N)C(=O)N[C@@H](CCCNC(=N)N)C(=O)N[C@@H](CCCNC(=N)N)C(=O)N[C@@H](CCCNC(=N)N)C(N)=O)NC(=O)[C@H](C(C)C)NC(=O)[C@@H]2CCCN2C(=O)[C@H](CC(=O)O)NC(=O)[C@H](Cc2ccc(O)cc2)NC(=O)[C@H](CO)NC(=O)[C@H](C)NC(=O)[C@H](Cc2ccc(O)cc2)NC(=O)[C@H](CC(C)C)NC(=O)[C@@H]2CCCN2C1=O,4.686132779630847
CHEMBL4081818,6.3,nM,CC[C@H](C)[C@@H]1NC(=O)[C@H](Cc2ccc(O)cc2)NC(=O)[C@H](CC(C)C)NC(=O)[C@@H]2CCCN2C(=O)[C@@H](NC(=O)[C@H](CCCNC(=N)N)NC(=O)[C@H](CCCNC(=N)N)NC(=O)[C@H](CCCNC(=N)N)NC(=O)[C@H](CCCNC(=N)N)NC(C)=O)CSSC[C@@H](C(=O)N[C@@H](CCCNC(=N)N)C(=O)N[C@@H](CCCNC(=N)N)C(=O)N[C@@H](CCCNC(=N)N)C(=O)N[C@@H](CCCNC(=N)N)C(N)=O)NC(=O)[C@H](C(C)C)NC(=O)[C@@H]2CCCN2C(=O)[C@H](CC(=O)O)NC(=O)[C@H](Cc2ccc(O)cc2)NC(=O)[C@H](C)NC1=O,8.200659450546418
CHEMBL4062018,64.0,nM,CC[C@H](C)[C@@H]1NC(=O)[C@H](Cc2ccc(O)cc2)NC(=O)[C@H](CC(C)C)NC(=O)[C@@H]2CCCN2C(=O)[C@@H](NC(=O)[C@H](CCCNC(=N)N)NC(=O)[C@H](CCCNC(=N)N)NC(=O)[C@H](CCCNC(=N)N)NC(=O)[C@H](CCCNC(=N)N)NC(C)=O)CSSC[C@@H](C(=O)N[C@@H](CCCNC(=N)N)C(=O)N[C@@H](CCCNC(=N)N)C(=O)N[C@@H](CCCNC(=N)N)C(=O)N[C@@H](CCCNC(=N)N)C(N)=O)NC(=O)[C@H](C(C)C)NC(=O)[C@@H]2CCCN2C(=O)[C@H](CC(=O)O)NC(=O)[C@H](C)NC(=O)[C@H](CO)NC1=O,7.1938200260161125
CHEMBL4074790,15400.0,nM,CC[C@H](C)[C@@H]1NC(=O)[C@H](Cc2ccc(O)cc2)NC(=O)[C@H](CC(C)C)NC(=O)[C@@H]2CCCN2C(=O)[C@@H](NC(=O)[C@H](CCCNC(=N)N)NC(=O)[C@H](CCCNC(=N)N)NC(=O)[C@H](CCCNC(=N)N)NC(=O)[C@H](CCCNC(=N)N)NC(C)=O)CSSC[C@@H](C(=O)N[C@@H](CCCNC(=N)N)C(=O)N[C@@H](CCCNC(=N)N)C(=O)N[C@@H](CCCNC(=N)N)C(=O)N[C@@H](CCCNC(=N)N)C(N)=O)NC(=O)[C@H](C(C)C)NC(=O)[C@@H]2CCCN2C(=O)[C@H](C)NC(=O)[C@H](Cc2ccc(O)cc2)NC(=O)[C@H](CO)NC1=O,4.8124792791635365
CHEMBL4083770,2.7,nM,CC[C@H](C)[C@@H]1NC(=O)[C@H](Cc2ccc(O)cc2)NC(=O)[C@H](CC(C)C)NC(=O)[C@@H]2CCCN2C(=O)[C@@H](NC(=O)[C@H](CCCNC(=N)N)NC(=O)[C@H](CCCNC(=N)N)NC(=O)[C@H](CCCNC(=N)N)NC(=O)[C@H](CCCNC(=N)N)NC(C)=O)CSSC[C@@H](C(=O)N[C@@H](CCCNC(=N)N)C(=O)N[C@@H](CCCNC(=N)N)C(=O)N[C@@H](CCCNC(=N)N)C(=O)N[C@@H](CCCNC(=N)N)C(N)=O)NC(=O)[C@H](C(C)C)NC(=O)[C@H](C)NC(=O)[C@H](CC(=O)O)NC(=O)[C@H](Cc2ccc(O)cc2)NC(=O)[C@H](CO)NC1=O,8.568636235841012
CHEMBL4070657,7.5,nM,CC[C@H](C)[C@@H]1NC(=O)[C@H](Cc2ccc(O)cc2)NC(=O)[C@H](CC(C)C)NC(=O)[C@@H]2CCCN2C(=O)[C@@H](NC(=O)[C@H](CCCNC(=N)N)NC(=O)[C@H](CCCNC(=N)N)NC(=O)[C@H](CCCNC(=N)N)NC(=O)[C@H](CCCNC(=N)N)NC(C)=O)CSSC[C@@H](C(=O)N[C@@H](CCCNC(=N)N)C(=O)N[C@@H](CCCNC(=N)N)C(=O)N[C@@H](CCCNC(=N)N)C(=O)N[C@@H](CCCNC(=N)N)C(N)=O)NC(=O)[C@H](C)NC(=O)[C@@H]2CCCN2C(=O)[C@H](CC(=O)O)NC(=O)[C@H](Cc2ccc(O)cc2)NC(=O)[C@H](CO)NC1=O,8.1249387366083
CHEMBL4091553,18.0,nM,CC[C@H](C)[C@@H]1NC(=O)[C@H](Cc2ccc(O)cc2)NC(=O)[C@H](CC(C)C)NC(=O)[C@@H]2CCCN2C(=O)[C@@H](NC(=O)[C@H](CCCNC(=N)N)NC(=O)[C@H](CCCNC(=N)N)NC(=O)[C@H](CCCNC(=N)N)NC(=O)[C@H](CCCNC(=N)N)NC(C)=O)CSCSC[C@@H](C(=O)N[C@@H](CCCNC(=N)N)C(=O)N[C@@H](CCCNC(=N)N)C(=O)N[C@@H](CCCNC(=N)N)C(=O)N[C@@H](CCCNC(=N)N)C(N)=O)NC(=O)[C@H](C(C)C)NC(=O)[C@@H]2CCCN2C(=O)[C@H](CC(=O)O)NC(=O)[C@H](Cc2ccc(O)cc2)NC(=O)[C@H](CO)NC1=O,7.7447274948966935
CHEMBL4081270,61.0,nM,CC[C@H](C)[C@@H]1NC(=O)[C@H](Cc2ccc(O)cc2)NC(=O)[C@H](CC(C)C)NC(=O)[C@@H]2CCCN2C(=O)[C@@H](NC(=O)[C@H](CCCNC(=N)N)NC(=O)[C@H](CCCNC(=N)N)NC(=O)[C@H](CCCNC(=N)N)NC(=O)[C@H](CCCNC(=N)N)NC(C)=O)CSCCSC[C@@H](C(=O)N[C@@H](CCCNC(=N)N)C(=O)N[C@@H](CCCNC(=N)N)C(=O)N[C@@H](CCCNC(=N)N)C(=O)N[C@@H](CCCNC(=N)N)C(N)=O)NC(=O)[C@H](C(C)C)NC(=O)[C@@H]2CCCN2C(=O)[C@H](CC(=O)O)NC(=O)[C@H](Cc2ccc(O)cc2)NC(=O)[C@H](CO)NC1=O,7.214670164989233
CHEMBL4099289,83.0,nM,CC[C@H](C)[C@@H]1NC(=O)[C@H](Cc2ccc(O)cc2)NC(=O)[C@H](CC(C)C)NC(=O)[C@@H]2CCCN2C(=O)[C@@H](NC(=O)[C@H](CCCNC(=N)N)NC(=O)[C@H](CCCNC(=N)N)NC(=O)[C@H](CCCNC(=N)N)NC(=O)[C@H](CCCNC(=N)N)NC(C)=O)CSCCCSC[C@@H](C(=O)N[C@@H](CCCNC(=N)N)C(=O)N[C@@H](CCCNC(=N)N)C(=O)N[C@@H](CCCNC(=N)N)C(=O)N[C@@H](CCCNC(=N)N)C(N)=O)NC(=O)[C@H](C(C)C)NC(=O)[C@@H]2CCCN2C(=O)[C@H](CC(=O)O)NC(=O)[C@H](Cc2ccc(O)cc2)NC(=O)[C@H](CO)NC1=O,7.080921907623926
CHEMBL4089137,90.0,nM,CC[C@H](C)[C@@H]1NC(=O)[C@H](Cc2ccc(O)cc2)NC(=O)[C@H](CC(C)C)NC(=O)[C@@H]2CCCN2C(=O)[C@@H](NC(=O)[C@H](CCCNC(=N)N)NC(=O)[C@H](CCCNC(=N)N)NC(=O)[C@H](CCCNC(=N)N)NC(=O)[C@H](CCCNC(=N)N)NC(C)=O)CSC2=C(SC[C@@H](C(=O)N[C@@H](CCCNC(=N)N)C(=O)N[C@@H](CCCNC(=N)N)C(=O)N[C@@H](CCCNC(=N)N)C(=O)N[C@@H](CCCNC(=N)N)C(N)=O)NC(=O)[C@H](C(C)C)NC(=O)[C@@H]3CCCN3C(=O)[C@H](CC(=O)O)NC(=O)[C@H](Cc3ccc(O)cc3)NC(=O)[C@H](CO)NC1=O)C(=O)NC2=O,7.045757490560675
CHEMBL4060952,2580.0,nM,CC[C@H](C)[C@@H]1NC(=O)[C@H](Cc2ccc(O)cc2)NC(=O)[C@H](CC(C)C)NC(=O)[C@@H]2CCCN2C(=O)[C@@H](NC(=O)[C@H](CCCNC(=N)N)NC(=O)[C@H](CCCNC(=N)N)NC(=O)[C@H](CCCNC(=N)N)NC(=O)[C@H](CCCNC(=N)N)NC(C)=O)CSCc2ccccc2CSC[C@@H](C(=O)N[C@@H](CCCNC(=N)N)C(=O)N[C@@H](CCCNC(=N)N)C(=O)N[C@@H](CCCNC(=N)N)C(=O)N[C@@H](CCCNC(=N)N)C(N)=O)NC(=O)[C@H](C(C)C)NC(=O)[C@@H]2CCCN2C(=O)[C@H](CC(=O)O)NC(=O)[C@H](Cc2ccc(O)cc2)NC(=O)[C@H](CO)NC1=O,5.58838029403677
CHEMBL4072295,87.0,nM,CC[C@H](C)[C@@H]1NC(=O)[C@H](Cc2ccc(O)cc2)NC(=O)[C@H](CC(C)C)NC(=O)[C@@H]2CCCN2C(=O)[C@@H](NC(=O)[C@H](CCCNC(=N)N)NC(=O)[C@H](CCCNC(=N)N)NC(=O)[C@H](CCCNC(=N)N)NC(=O)[C@H](CCCNC(=N)N)NC(C)=O)CSSC[C@@H](C(=O)N[C@@H](CCCNC(=N)N)C(=O)N[C@@H](CCCNC(=N)N)C(=O)N[C@@H](CCCNC(=N)N)C(=O)N[C@@H](CCCNC(=N)N)C(N)=O)NC(=O)[C@H](C(C)C)NC(=O)[C@@H]2CCCN2C(=O)[C@H](CC(=O)O)NC(=O)[C@H](Cc2ccc(O)cc2)NC(=O)[C@H](CO)NC1=O,7.060480747381382
CHEMBL4100766,9770.0,nM,CC[C@H](C)[C@@H]1NC(=O)[C@H](Cc2ccc(O)cc2)NC(=O)[C@H](CC(C)C)NC(=O)[C@@H]2CCCN2C(=O)[C@@H](NC(C)=O)CSSC[C@@H](C(N)=O)NC(=O)[C@H](C(C)C)NC(=O)[C@@H]2CCCN2C(=O)[C@H](CC(=O)O)NC(=O)[C@H](Cc2ccc(O)cc2)NC(=O)[C@H](CO)NC1=O,5.0101054362812265
CHEMBL4082777,35.0,nM,CC[C@H](C)[C@@H]1NC(=O)[C@H](Cc2ccc(O)cc2)NC(=O)[C@H](CC(C)C)NC(=O)[C@@H]2CCCN2C(=O)[C@@H](NC(=O)[C@H](CCCNC(=N)N)NC(=O)[C@H](CCCNC(=N)N)NC(=O)[C@H](CCCNC(=N)N)NC(=O)[C@@H](CCCNC(=N)N)NC(C)=O)CSSC[C@@H](C(=O)N[C@@H](CCCNC(=N)N)C(=O)N[C@@H](CCCNC(=N)N)C(=O)N[C@@H](CCCNC(=N)N)C(=O)N[C@H](CCCNC(=N)N)C(N)=O)NC(=O)[C@H](C(C)C)NC(=O)[C@@H]2CCCN2C(=O)[C@H](CC(=O)O)NC(=O)[C@H](Cc2ccc(O)cc2)NC(=O)[C@H](CO)NC1=O,7.455931955649724
CHEMBL4075048,172.0,nM,CC[C@H](C)[C@@H]1NC(=O)[C@H](Cc2ccc(O)cc2)NC(=O)[C@H](CC(C)C)NC(=O)[C@H](C)NC(=O)[C@@H](NC(=O)[C@H](CCCNC(=N)N)NC(=O)[C@H](CCCNC(=N)N)NC(=O)[C@H](CCCNC(=N)N)NC(=O)[C@H](CCCNC(=N)N)NC(C)=O)CSSC[C@@H](C(=O)N[C@@H](CCCNC(=N)N)C(=O)N[C@@H](CCCNC(=N)N)C(=O)N[C@@H](CCCNC(=N)N)C(=O)N[C@@H](CCCNC(=N)N)C(N)=O)NC(=O)[C@H](C(C)C)NC(=O)[C@@H]2CCCN2C(=O)[C@H](CC(=O)O)NC(=O)[C@H](Cc2ccc(O)cc2)NC(=O)[C@H](CO)NC1=O,6.764471553092451
CHEMBL4084139,100000.0,nM,CC[C@H](C)[C@@H]1NC(=O)[C@H](Cc2ccc(O)cc2)NC(=O)[C@H](C)NC(=O)[C@@H]2CCCN2C(=O)[C@@H](NC(=O)[C@H](CCCNC(=N)N)NC(=O)[C@H](CCCNC(=N)N)NC(=O)[C@H](CCCNC(=N)N)NC(=O)[C@H](CCCNC(=N)N)NC(C)=O)CSSC[C@@H](C(=O)N[C@@H](CCCNC(=N)N)C(=O)N[C@@H](CCCNC(=N)N)C(=O)N[C@@H](CCCNC(=N)N)C(=O)N[C@@H](CCCNC(=N)N)C(N)=O)NC(=O)[C@H](C(C)C)NC(=O)[C@@H]2CCCN2C(=O)[C@H](CC(=O)O)NC(=O)[C@H](Cc2ccc(O)cc2)NC(=O)[C@H](CO)NC1=O,4.0
CHEMBL4063829,192.0,nM,CC[C@H](C)[C@@H]1NC(=O)[C@H](C)NC(=O)[C@H](CC(C)C)NC(=O)[C@@H]2CCCN2C(=O)[C@@H](NC(=O)[C@H](CCCNC(=N)N)NC(=O)[C@H](CCCNC(=N)N)NC(=O)[C@H](CCCNC(=N)N)NC(=O)[C@H](CCCNC(=N)N)NC(C)=O)CSSC[C@@H](C(=O)N[C@@H](CCCNC(=N)N)C(=O)N[C@@H](CCCNC(=N)N)C(=O)N[C@@H](CCCNC(=N)N)C(=O)N[C@@H](CCCNC(=N)N)C(N)=O)NC(=O)[C@H](C(C)C)NC(=O)[C@@H]2CCCN2C(=O)[C@H](CC(=O)O)NC(=O)[C@H](Cc2ccc(O)cc2)NC(=O)[C@H](CO)NC1=O,6.716698771296451
CHEMBL4075783,73500.0,nM,CC(=O)N[C@@H](CCCNC(=N)N)C(=O)N[C@@H](CCCNC(=N)N)C(=O)N[C@@H](CCCNC(=N)N)C(=O)N[C@@H](CCCNC(=N)N)C(=O)N[C@H]1CSSC[C@@H](C(=O)N[C@@H](CCCNC(=N)N)C(=O)N[C@@H](CCCNC(=N)N)C(=O)N[C@@H](CCCNC(=N)N)C(=O)N[C@@H](CCCNC(=N)N)C(N)=O)NC(=O)[C@H](C(C)C)NC(=O)[C@@H]2CCCN2C(=O)[C@H](CC(=O)O)NC(=O)[C@H](Cc2ccc(O)cc2)NC(=O)[C@H](CO)NC(=O)[C@H](C)NC(=O)[C@H](Cc2ccc(O)cc2)NC(=O)[C@H](CC(C)C)NC(=O)[C@@H]2CCCN2C1=O,4.133712660915805
CHEMBL4081818,22.0,nM,CC[C@H](C)[C@@H]1NC(=O)[C@H](Cc2ccc(O)cc2)NC(=O)[C@H](CC(C)C)NC(=O)[C@@H]2CCCN2C(=O)[C@@H](NC(=O)[C@H](CCCNC(=N)N)NC(=O)[C@H](CCCNC(=N)N)NC(=O)[C@H](CCCNC(=N)N)NC(=O)[C@H](CCCNC(=N)N)NC(C)=O)CSSC[C@@H](C(=O)N[C@@H](CCCNC(=N)N)C(=O)N[C@@H](CCCNC(=N)N)C(=O)N[C@@H](CCCNC(=N)N)C(=O)N[C@@H](CCCNC(=N)N)C(N)=O)NC(=O)[C@H](C(C)C)NC(=O)[C@@H]2CCCN2C(=O)[C@H](CC(=O)O)NC(=O)[C@H](Cc2ccc(O)cc2)NC(=O)[C@H](C)NC1=O,7.657577319177793
CHEMBL4062018,244.0,nM,CC[C@H](C)[C@@H]1NC(=O)[C@H](Cc2ccc(O)cc2)NC(=O)[C@H](CC(C)C)NC(=O)[C@@H]2CCCN2C(=O)[C@@H](NC(=O)[C@H](CCCNC(=N)N)NC(=O)[C@H](CCCNC(=N)N)NC(=O)[C@H](CCCNC(=N)N)NC(=O)[C@H](CCCNC(=N)N)NC(C)=O)CSSC[C@@H](C(=O)N[C@@H](CCCNC(=N)N)C(=O)N[C@@H](CCCNC(=N)N)C(=O)N[C@@H](CCCNC(=N)N)C(=O)N[C@@H](CCCNC(=N)N)C(N)=O)NC(=O)[C@H](C(C)C)NC(=O)[C@@H]2CCCN2C(=O)[C@H](CC(=O)O)NC(=O)[C@H](C)NC(=O)[C@H](CO)NC1=O,6.61261017366127
CHEMBL4074790,100000.0,nM,CC[C@H](C)[C@@H]1NC(=O)[C@H](Cc2ccc(O)cc2)NC(=O)[C@H](CC(C)C)NC(=O)[C@@H]2CCCN2C(=O)[C@@H](NC(=O)[C@H](CCCNC(=N)N)NC(=O)[C@H](CCCNC(=N)N)NC(=O)[C@H](CCCNC(=N)N)NC(=O)[C@H](CCCNC(=N)N)NC(C)=O)CSSC[C@@H](C(=O)N[C@@H](CCCNC(=N)N)C(=O)N[C@@H](CCCNC(=N)N)C(=O)N[C@@H](CCCNC(=N)N)C(=O)N[C@@H](CCCNC(=N)N)C(N)=O)NC(=O)[C@H](C(C)C)NC(=O)[C@@H]2CCCN2C(=O)[C@H](C)NC(=O)[C@H](Cc2ccc(O)cc2)NC(=O)[C@H](CO)NC1=O,4.0
CHEMBL4083770,7.4,nM,CC[C@H](C)[C@@H]1NC(=O)[C@H](Cc2ccc(O)cc2)NC(=O)[C@H](CC(C)C)NC(=O)[C@@H]2CCCN2C(=O)[C@@H](NC(=O)[C@H](CCCNC(=N)N)NC(=O)[C@H](CCCNC(=N)N)NC(=O)[C@H](CCCNC(=N)N)NC(=O)[C@H](CCCNC(=N)N)NC(C)=O)CSSC[C@@H](C(=O)N[C@@H](CCCNC(=N)N)C(=O)N[C@@H](CCCNC(=N)N)C(=O)N[C@@H](CCCNC(=N)N)C(=O)N[C@@H](CCCNC(=N)N)C(N)=O)NC(=O)[C@H](C(C)C)NC(=O)[C@H](C)NC(=O)[C@H](CC(=O)O)NC(=O)[C@H](Cc2ccc(O)cc2)NC(=O)[C@H](CO)NC1=O,8.130768280269024
CHEMBL4070657,35.8,nM,CC[C@H](C)[C@@H]1NC(=O)[C@H](Cc2ccc(O)cc2)NC(=O)[C@H](CC(C)C)NC(=O)[C@@H]2CCCN2C(=O)[C@@H](NC(=O)[C@H](CCCNC(=N)N)NC(=O)[C@H](CCCNC(=N)N)NC(=O)[C@H](CCCNC(=N)N)NC(=O)[C@H](CCCNC(=N)N)NC(C)=O)CSSC[C@@H](C(=O)N[C@@H](CCCNC(=N)N)C(=O)N[C@@H](CCCNC(=N)N)C(=O)N[C@@H](CCCNC(=N)N)C(=O)N[C@@H](CCCNC(=N)N)C(N)=O)NC(=O)[C@H](C)NC(=O)[C@@H]2CCCN2C(=O)[C@H](CC(=O)O)NC(=O)[C@H](Cc2ccc(O)cc2)NC(=O)[C@H](CO)NC1=O,7.446116973356125
CHEMBL4091553,12.0,nM,CC[C@H](C)[C@@H]1NC(=O)[C@H](Cc2ccc(O)cc2)NC(=O)[C@H](CC(C)C)NC(=O)[C@@H]2CCCN2C(=O)[C@@H](NC(=O)[C@H](CCCNC(=N)N)NC(=O)[C@H](CCCNC(=N)N)NC(=O)[C@H](CCCNC(=N)N)NC(=O)[C@H](CCCNC(=N)N)NC(C)=O)CSCSC[C@@H](C(=O)N[C@@H](CCCNC(=N)N)C(=O)N[C@@H](CCCNC(=N)N)C(=O)N[C@@H](CCCNC(=N)N)C(=O)N[C@@H](CCCNC(=N)N)C(N)=O)NC(=O)[C@H](C(C)C)NC(=O)[C@@H]2CCCN2C(=O)[C@H](CC(=O)O)NC(=O)[C@H](Cc2ccc(O)cc2)NC(=O)[C@H](CO)NC1=O,7.920818753952375
CHEMBL4081270,63.0,nM,CC[C@H](C)[C@@H]1NC(=O)[C@H](Cc2ccc(O)cc2)NC(=O)[C@H](CC(C)C)NC(=O)[C@@H]2CCCN2C(=O)[C@@H](NC(=O)[C@H](CCCNC(=N)N)NC(=O)[C@H](CCCNC(=N)N)NC(=O)[C@H](CCCNC(=N)N)NC(=O)[C@H](CCCNC(=N)N)NC(C)=O)CSCCSC[C@@H](C(=O)N[C@@H](CCCNC(=N)N)C(=O)N[C@@H](CCCNC(=N)N)C(=O)N[C@@H](CCCNC(=N)N)C(=O)N[C@@H](CCCNC(=N)N)C(N)=O)NC(=O)[C@H](C(C)C)NC(=O)[C@@H]2CCCN2C(=O)[C@H](CC(=O)O)NC(=O)[C@H](Cc2ccc(O)cc2)NC(=O)[C@H](CO)NC1=O,7.200659450546418
CHEMBL4099289,110.0,nM,CC[C@H](C)[C@@H]1NC(=O)[C@H](Cc2ccc(O)cc2)NC(=O)[C@H](CC(C)C)NC(=O)[C@@H]2CCCN2C(=O)[C@@H](NC(=O)[C@H](CCCNC(=N)N)NC(=O)[C@H](CCCNC(=N)N)NC(=O)[C@H](CCCNC(=N)N)NC(=O)[C@H](CCCNC(=N)N)NC(C)=O)CSCCCSC[C@@H](C(=O)N[C@@H](CCCNC(=N)N)C(=O)N[C@@H](CCCNC(=N)N)C(=O)N[C@@H](CCCNC(=N)N)C(=O)N[C@@H](CCCNC(=N)N)C(N)=O)NC(=O)[C@H](C(C)C)NC(=O)[C@@H]2CCCN2C(=O)[C@H](CC(=O)O)NC(=O)[C@H](Cc2ccc(O)cc2)NC(=O)[C@H](CO)NC1=O,6.958607314841775
CHEMBL4089137,59.0,nM,CC[C@H](C)[C@@H]1NC(=O)[C@H](Cc2ccc(O)cc2)NC(=O)[C@H](CC(C)C)NC(=O)[C@@H]2CCCN2C(=O)[C@@H](NC(=O)[C@H](CCCNC(=N)N)NC(=O)[C@H](CCCNC(=N)N)NC(=O)[C@H](CCCNC(=N)N)NC(=O)[C@H](CCCNC(=N)N)NC(C)=O)CSC2=C(SC[C@@H](C(=O)N[C@@H](CCCNC(=N)N)C(=O)N[C@@H](CCCNC(=N)N)C(=O)N[C@@H](CCCNC(=N)N)C(=O)N[C@@H](CCCNC(=N)N)C(N)=O)NC(=O)[C@H](C(C)C)NC(=O)[C@@H]3CCCN3C(=O)[C@H](CC(=O)O)NC(=O)[C@H](Cc3ccc(O)cc3)NC(=O)[C@H](CO)NC1=O)C(=O)NC2=O,7.229147988357855
CHEMBL4060952,1190.0,nM,CC[C@H](C)[C@@H]1NC(=O)[C@H](Cc2ccc(O)cc2)NC(=O)[C@H](CC(C)C)NC(=O)[C@@H]2CCCN2C(=O)[C@@H](NC(=O)[C@H](CCCNC(=N)N)NC(=O)[C@H](CCCNC(=N)N)NC(=O)[C@H](CCCNC(=N)N)NC(=O)[C@H](CCCNC(=N)N)NC(C)=O)CSCc2ccccc2CSC[C@@H](C(=O)N[C@@H](CCCNC(=N)N)C(=O)N[C@@H](CCCNC(=N)N)C(=O)N[C@@H](CCCNC(=N)N)C(=O)N[C@@H](CCCNC(=N)N)C(N)=O)NC(=O)[C@H](C(C)C)NC(=O)[C@@H]2CCCN2C(=O)[C@H](CC(=O)O)NC(=O)[C@H](Cc2ccc(O)cc2)NC(=O)[C@H](CO)NC1=O,5.924453038607469
CHEMBL4466927,16000.0,nM,C=CC(=O)N1CCN(c2ncnc3c2CCN(c2cccc4ccccc24)C3)CC1,4.795880017344075
CHEMBL4549643,16000.0,nM,C=CC(=O)N1CCN(c2ncnc3c2CCN(c2c(C)ccc4[nH]ncc24)C3)CC1,4.795880017344075
CHEMBL4453071,16000.0,nM,C=CC(=O)N1CCN(c2ncnc3c2CCN(c2c(O)cccc2F)C3)CC1,4.795880017344075
CHEMBL4453012,16000.0,nM,C=CC(=O)N1CCN(c2ncnc3c2CCN(c2cc(O)ccc2F)C3)CC1,4.795880017344075
CHEMBL4457300,7600.0,nM,C=CC(=O)N1CCN(c2ncnc3c2CCN(c2cc(O)cc4ccccc24)C3)CC1,5.119186407719209
CHEMBL4540074,16000.0,nM,C=CC(=O)N1CCN(c2ncnc3c2CCN(c2cccc4ccc(O)cc24)C3)CC1,4.795880017344075
CHEMBL4550990,1900.0,nM,C=CC(=O)N1CCN(c2nc(OCCN(C)C)nc3c2CCN(c2cc(O)cc4ccccc24)C3)CC1,5.721246399047171
CHEMBL4525173,1500.0,nM,C=CC(=O)N1CCN(c2nc(OCCCN(C)C)nc3c2CCN(c2cc(O)cc4ccccc24)C3)CC1,5.823908740944319
CHEMBL4465028,540.0,nM,C=CC(=O)N1CCN(c2nc(O[C@@H](C)CN(C)C)nc3c2CCN(c2cc(O)cc4ccccc24)C3)CC1,6.267606240177032
CHEMBL4456598,70.0,nM,C=CC(=O)N1CCN(c2nc(OC[C@@H]3CCCN3C)nc3c2CCN(c2cc(O)cc4ccccc24)C3)CC1,7.154901959985743
CHEMBL4456598,16000.0,nM,C=CC(=O)N1CCN(c2nc(OC[C@@H]3CCCN3C)nc3c2CCN(c2cc(O)cc4ccccc24)C3)CC1,4.795880017344075
CHEMBL4456598,16000.0,nM,C=CC(=O)N1CCN(c2nc(OC[C@@H]3CCCN3C)nc3c2CCN(c2cc(O)cc4ccccc24)C3)CC1,4.795880017344075
CHEMBL4456598,16000.0,nM,C=CC(=O)N1CCN(c2nc(OC[C@@H]3CCCN3C)nc3c2CCN(c2cc(O)cc4ccccc24)C3)CC1,4.795880017344075
CHEMBL4456598,48.0,nM,C=CC(=O)N1CCN(c2nc(OC[C@@H]3CCCN3C)nc3c2CCN(c2cc(O)cc4ccccc24)C3)CC1,7.318758762624412
CHEMBL4214264,939.0,nM,C=CC(=O)N1CCN(c2ncnc3c(F)c(-c4c(O)cccc4F)c(Cl)cc23)CC1,6.027334407733889
CHEMBL4460786,20100.0,nM,C=CC(=O)N1CCN(c2nnc(-c3ccccc3)c3cc(-c4c(O)cccc4F)c(Cl)cc23)CC1,4.696803942579511
CHEMBL4476789,5710.0,nM,C=CC(=O)N1CCN(c2nnc(-c3ccccc3C)c3cc(-c4c(O)cccc4F)c(Cl)cc23)CC1,5.243363891754152
CHEMBL4514914,3520.0,nM,C=CC(=O)N1CCN(c2nnc(-c3ccccc3Cl)c3cc(-c4c(O)cccc4F)c(Cl)cc23)CC1,5.453457336521869
CHEMBL4515333,903.0,nM,C=CC(=O)N1CCN(c2nnc(-c3ccccc3CC)c3cc(-c4c(O)cccc4F)c(Cl)cc23)CC1,6.044312249686494
CHEMBL4466063,9150.0,nM,C=CC(=O)N1CCN(c2nnc(-c3ccccc3OC)c3cc(-c4c(O)cccc4F)c(Cl)cc23)CC1,5.0385789059335515
CHEMBL4553629,1550.0,nM,C=CC(=O)N1CCN(c2nnc(-c3ccccc3C3CC3)c3cc(-c4c(O)cccc4F)c(Cl)cc23)CC1,5.809668301829708
CHEMBL4460809,683.0,nM,C=CC(=O)N1CCN(c2nnc(-c3ccccc3C(C)C)c3cc(-c4c(O)cccc4F)c(Cl)cc23)CC1,6.165579296318468
CHEMBL4517656,101.0,nM,C=CC(=O)N1CCN(c2nc(=O)n(-c3ccccc3C(C)C)c3cc(-c4c(O)cccc4F)c(Cl)cc23)CC1,6.995678626217358
CHEMBL4450657,51.0,nM,C=CC(=O)N1CCN(c2nc(=O)n(-c3ccccc3C(C)C)c3nc(-c4c(O)cccc4F)c(Cl)cc23)[C@@H](C)C1,7.292429823902063
CHEMBL4549665,225.0,nM,C=CC(=O)N1CCN(c2nc(=O)n(-c3ccccc3C3CC3)c3nc(-c4c(O)cccc4F)c(Cl)cc23)[C@@H](C)C1,6.647817481888637
CHEMBL4467413,117.0,nM,C=CC(=O)N1CCN(c2nc(=O)n(-c3ccccc3C(C)(C)C)c3nc(-c4c(O)cccc4F)c(Cl)cc23)[C@@H](C)C1,6.931814138253839
CHEMBL4452137,25.0,nM,C=CC(=O)N1CCN(c2nc(=O)n(-c3c(C)cccc3C(C)C)c3nc(-c4c(O)cccc4F)c(Cl)cc23)[C@@H](C)C1,7.6020599913279625
CHEMBL4464232,127.0,nM,C=CC(=O)N1CCN(c2nc(=O)n(-c3c(C)cccc3CC)c3nc(-c4c(O)cccc4F)c(Cl)cc23)[C@@H](C)C1,6.896196279044043
CHEMBL4467518,83.0,nM,C=CC(=O)N1CCN(c2nc(=O)n(-c3ncccc3C(C)C)c3nc(-c4c(O)cccc4F)c(Cl)cc23)[C@@H](C)C1,7.080921907623926
CHEMBL4528930,164.0,nM,C=CC(=O)N1CCN(c2nc(=O)n(-c3ccnn3C(C)C)c3nc(-c4c(O)cccc4F)c(Cl)cc23)[C@@H](C)C1,6.785156151952302
CHEMBL4573279,81.0,nM,C=CC(=O)N1CCN(c2nc(=O)n(-c3scnc3C(C)C)c3nc(-c4c(O)cccc4F)c(Cl)cc23)[C@@H](C)C1,7.0915149811213505
CHEMBL4516179,53.0,nM,C=CC(=O)N1CCN(c2nc(=O)n(-c3c(C)cnn3C(C)C)c3nc(-c4c(O)cccc4F)c(Cl)cc23)[C@@H](C)C1,7.275724130399211
CHEMBL4458945,306.0,nM,C=CC(=O)N1CCN(c2nc(=O)n(-c3c(C)cccc3C)c3nc(-c4c(O)cccc4F)c(Cl)cc23)[C@@H](C)C1,6.51427857351842
CHEMBL4554946,68.0,nM,C=CC(=O)N1CCN(c2nc(=O)n(-c3c(CC)cccc3CC)c3nc(-c4c(O)cccc4F)c(Cl)cc23)[C@@H](C)C1,7.167491087293763
CHEMBL4588277,34.0,nM,C=CC(=O)N1CCN(c2nc(=O)n(-c3c(C4CC4)ncnc3C3CC3)c3nc(-c4c(O)cccc4F)c(Cl)cc23)[C@@H](C)C1,7.468521082957745
CHEMBL4434842,21.0,nM,C=CC(=O)N1CCN(c2nc(=O)n(-c3c(C(C)C)ncnc3C(C)C)c3nc(-c4c(O)cccc4F)c(Cl)cc23)[C@@H](C)C1,7.6777807052660805
CHEMBL4214264,831.0,nM,C=CC(=O)N1CCN(c2ncnc3c(F)c(-c4c(O)cccc4F)c(Cl)cc23)CC1,6.080398976215889
CHEMBL4460786,58000.0,nM,C=CC(=O)N1CCN(c2nnc(-c3ccccc3)c3cc(-c4c(O)cccc4F)c(Cl)cc23)CC1,4.236572006437063
CHEMBL4476789,3330.0,nM,C=CC(=O)N1CCN(c2nnc(-c3ccccc3C)c3cc(-c4c(O)cccc4F)c(Cl)cc23)CC1,5.47755576649368
CHEMBL4514914,3530.0,nM,C=CC(=O)N1CCN(c2nnc(-c3ccccc3Cl)c3cc(-c4c(O)cccc4F)c(Cl)cc23)CC1,5.452225294612178
CHEMBL4515333,2580.0,nM,C=CC(=O)N1CCN(c2nnc(-c3ccccc3CC)c3cc(-c4c(O)cccc4F)c(Cl)cc23)CC1,5.58838029403677
CHEMBL4466063,8050.0,nM,C=CC(=O)N1CCN(c2nnc(-c3ccccc3OC)c3cc(-c4c(O)cccc4F)c(Cl)cc23)CC1,5.094204119632131
CHEMBL4553629,7150.0,nM,C=CC(=O)N1CCN(c2nnc(-c3ccccc3C3CC3)c3cc(-c4c(O)cccc4F)c(Cl)cc23)CC1,5.145693958198919
CHEMBL4460809,1800.0,nM,C=CC(=O)N1CCN(c2nnc(-c3ccccc3C(C)C)c3cc(-c4c(O)cccc4F)c(Cl)cc23)CC1,5.7447274948966935
CHEMBL4517656,335.0,nM,C=CC(=O)N1CCN(c2nc(=O)n(-c3ccccc3C(C)C)c3cc(-c4c(O)cccc4F)c(Cl)cc23)CC1,6.474955192963154
CHEMBL4517656,130.0,nM,C=CC(=O)N1CCN(c2nc(=O)n(-c3ccccc3C(C)C)c3cc(-c4c(O)cccc4F)c(Cl)cc23)CC1,6.886056647693163
CHEMBL4456801,8.0,nM,C=CC(=O)N1CCN(c2nc(=O)n(-c3ccccc3C(C)C)c3cc(-c4c(C)ccc5[nH]ncc45)c(Cl)cc23)CC1,8.096910013008056
CHEMBL4469638,80.0,nM,C=CC(=O)N1CCN(c2nc(=O)n(-c3ccccc3C(C)C)c3cc(-c4ccccc4F)c(Cl)cc23)CC1,7.096910013008056
CHEMBL4465551,47.0,nM,C=CC(=O)N1CCN(c2nc(=O)n(-c3ccccc3C(C)C)c3cc(-c4ccccc4F)c(Cl)cc23)[C@@H](C)C1,7.327902142064283
CHEMBL4454645,220.0,nM,C=CC(=O)N1CCN(c2nc(=O)n(-c3ccccc3C(C)C)c3cc(-c4ccccc4Cl)c(Cl)cc23)[C@@H](C)C1,6.657577319177793
CHEMBL4438343,442.0,nM,C=CC(=O)N1CCN(c2nc(=O)n(-c3ccccc3C(C)C)c3cc(-c4ccccc4C(F)(F)F)c(Cl)cc23)[C@@H](C)C1,6.354577730650908
CHEMBL4449810,28.0,nM,C=CC(=O)N1CCN(c2nc(=O)n(-c3ccccc3C(C)C)c3cc(-c4c(O)cccc4F)c(Cl)cc23)[C@@H](C)C1,7.552841968657781
CHEMBL4439782,69.0,nM,C=CC(=O)N1CCN(c2nc(=O)n(-c3ccccc3C(C)C)c3nc(-c4c(O)cccc4F)c(Cl)cc23)CC1,7.161150909262744
CHEMBL4450657,44.0,nM,C=CC(=O)N1CCN(c2nc(=O)n(-c3ccccc3C(C)C)c3nc(-c4c(O)cccc4F)c(Cl)cc23)[C@@H](C)C1,7.356547323513812
CHEMBL4450519,66.0,nM,C=CC(=O)N1CCN(c2nc(=O)n(-c3ccccc3C(C)C)c3nc(-c4ccccc4F)c(Cl)cc23)[C@@H](C)C1,7.180456064458132
CHEMBL4591772,56.0,nM,C=CC(=O)N1CCN(c2nc(=O)n(-c3ccccc3C(C)C)c3nc(-c4ccccc4Cl)c(Cl)cc23)[C@@H](C)C1,7.251811972993799
CHEMBL4450041,146.0,nM,C=CC(=O)N1CCN(c2nc(=O)n(-c3ccccc3C(C)C)c3nc(-c4ccccc4O)c(Cl)cc23)[C@@H](C)C1,6.835647144215563
CHEMBL4549665,109.0,nM,C=CC(=O)N1CCN(c2nc(=O)n(-c3ccccc3C3CC3)c3nc(-c4c(O)cccc4F)c(Cl)cc23)[C@@H](C)C1,6.962573502059376
CHEMBL4467413,51.0,nM,C=CC(=O)N1CCN(c2nc(=O)n(-c3ccccc3C(C)(C)C)c3nc(-c4c(O)cccc4F)c(Cl)cc23)[C@@H](C)C1,7.292429823902063
CHEMBL4452137,28.0,nM,C=CC(=O)N1CCN(c2nc(=O)n(-c3c(C)cccc3C(C)C)c3nc(-c4c(O)cccc4F)c(Cl)cc23)[C@@H](C)C1,7.552841968657781
CHEMBL4464232,25.0,nM,C=CC(=O)N1CCN(c2nc(=O)n(-c3c(C)cccc3CC)c3nc(-c4c(O)cccc4F)c(Cl)cc23)[C@@H](C)C1,7.6020599913279625
CHEMBL4467518,53.0,nM,C=CC(=O)N1CCN(c2nc(=O)n(-c3ncccc3C(C)C)c3nc(-c4c(O)cccc4F)c(Cl)cc23)[C@@H](C)C1,7.275724130399211
CHEMBL4528930,218.0,nM,C=CC(=O)N1CCN(c2nc(=O)n(-c3ccnn3C(C)C)c3nc(-c4c(O)cccc4F)c(Cl)cc23)[C@@H](C)C1,6.661543506395395
CHEMBL4573279,63.0,nM,C=CC(=O)N1CCN(c2nc(=O)n(-c3scnc3C(C)C)c3nc(-c4c(O)cccc4F)c(Cl)cc23)[C@@H](C)C1,7.200659450546418
CHEMBL4516179,127.0,nM,C=CC(=O)N1CCN(c2nc(=O)n(-c3c(C)cnn3C(C)C)c3nc(-c4c(O)cccc4F)c(Cl)cc23)[C@@H](C)C1,6.896196279044043
CHEMBL4458945,199.0,nM,C=CC(=O)N1CCN(c2nc(=O)n(-c3c(C)cccc3C)c3nc(-c4c(O)cccc4F)c(Cl)cc23)[C@@H](C)C1,6.701146923590294
CHEMBL4554946,36.0,nM,C=CC(=O)N1CCN(c2nc(=O)n(-c3c(CC)cccc3CC)c3nc(-c4c(O)cccc4F)c(Cl)cc23)[C@@H](C)C1,7.443697499232712
CHEMBL4588277,36.0,nM,C=CC(=O)N1CCN(c2nc(=O)n(-c3c(C4CC4)ncnc3C3CC3)c3nc(-c4c(O)cccc4F)c(Cl)cc23)[C@@H](C)C1,7.443697499232712
CHEMBL4434842,25.0,nM,C=CC(=O)N1CCN(c2nc(=O)n(-c3c(C(C)C)ncnc3C(C)C)c3nc(-c4c(O)cccc4F)c(Cl)cc23)[C@@H](C)C1,7.6020599913279625
CHEMBL4539214,11.0,nM,C=CC(=O)N1CCN(c2nc(=O)n(-c3c(C)ccnc3C(C)C)c3nc(-c4c(O)cccc4F)c(Cl)cc23)[C@@H](C)C1,7.958607314841775
CHEMBL4578214,65.0,nM,C=CC(=O)N1CCN(c2nc(=O)n(-c3c(C(C)C)ccnc3C)c3nc(-c4c(O)cccc4F)c(Cl)cc23)[C@@H](C)C1,7.187086643357144
CHEMBL4527861,38.0,nM,C=CC(=O)N1CCN(c2nc(=O)n(-c3c(C)ncnc3C(C)C)c3nc(-c4c(O)cccc4F)c(Cl)cc23)[C@@H](C)C1,7.42021640338319
CHEMBL4452622,90.0,nM,C=CC(=O)N1CCN(c2nc(=O)n(-c3c(C)cccc3C(C)C)c3nc(-c4c(O)cccc4F)c(F)cc23)[C@@H](C)C1,7.045757490560675
CHEMBL4535757,68.0,nM,C=CC(=O)N1CCN(c2nc(=O)n(-c3c(C)ccnc3C(C)C)c3nc(-c4c(O)cccc4F)c(F)cc23)[C@@H](C)C1,7.167491087293763
CHEMBL4458041,142.0,nM,C=CC(=O)N1CCN(c2nc(=O)n(-c3c(C(C)C)ccnc3C)c3nc(-c4c(O)cccc4F)c(F)cc23)[C@@H](C)C1,6.847711655616943
CHEMBL4441771,128.0,nM,C=CC(=O)N1CCN(c2nc(=O)n(-c3c(C)ncnc3C(C)C)c3nc(-c4c(O)cccc4F)c(F)cc23)[C@@H](C)C1,6.892790030352131
CHEMBL4525691,250000.0,nM,C=CC(=O)N1CC(NC(=O)Cn2ccc3cc(Br)ccc32)C1,3.6020599913279625
CHEMBL4444447,638.0,nM,C=CC(=O)N1CC(NC(=O)Cn2cc(C(=O)N3CCc4c(cccc4OC)C3)c3cc(Br)ccc32)C1,6.195179321278838
CHEMBL4455193,14200.0,nM,C=CC(=O)N1CC(NC(=O)Cn2cc(C(=O)NCc3ccccc3)c3cc(Br)ccc32)C1,4.847711655616943
CHEMBL4569400,4260.0,nM,C=CC(=O)N1CC(NC(=O)Cn2cc(C(=O)NCCc3ccccc3)c3cc(Br)ccc32)C1,5.370590400897281
CHEMBL4522790,6630.0,nM,C=CC(=O)N1CC(NC(=O)Cn2cc(C(=O)N(C)Cc3ccccc3)c3cc(Br)ccc32)C1,5.178486471595227
CHEMBL4476533,1270.0,nM,C=CC(=O)N1CC(NC(=O)Cn2cc(C(=O)N3CCc4ccccc4C3)c3cc(Br)ccc32)C1,5.896196279044043
CHEMBL4456127,1370.0,nM,C=CC(=O)N1CC(NC(=O)Cn2cc(C(=O)N3CCc4cc(F)ccc4C3)c3cc(Br)ccc32)C1,5.863279432843593
CHEMBL4466759,2120.0,nM,C=CC(=O)N1CC(NC(=O)Cn2cc(C(=O)N3CCc4c(F)cccc4C3)c3cc(Br)ccc32)C1,5.673664139071248
CHEMBL4435858,2000.0,nM,C=CC(=O)N1CC(NC(=O)Cn2cc(C(=O)N3CCc4cc(Cl)ccc4C3)c3cc(Br)ccc32)C1,5.698970004336019
CHEMBL4570206,1290.0,nM,C=CC(=O)N1CC(NC(=O)Cn2cc(C(=O)N3CCc4c(Cl)cccc4C3)c3cc(Br)ccc32)C1,5.889410289700751
CHEMBL4520093,299.0,nM,C=CC(=O)N1CC(NC(=O)Cn2c(C)c(C(=O)N3CCc4c(cccc4OC)C3)c3cc(Br)ccc32)C1,6.52432881167557
CHEMBL4579956,139.0,nM,C=CC(=O)N1CC(NC(=O)Cn2c(C3CC3)c(C(=O)N3CCc4c(cccc4OC)C3)c3cc(Br)ccc32)C1,6.856985199745905
CHEMBL4457550,174.0,nM,C=CC(=O)N1CC(NC(=O)Cn2cc(C(=O)N3CCc4c(cccc4OC)C3)c3cc(Br)cc(C)c32)C1,6.7594507517174005
CHEMBL4541628,109.0,nM,C=CC(=O)N1CC(NC(=O)Cn2c(C)c(C(=O)N3CCc4c(cccc4OC)C3)c3cc(Br)cc(C)c32)C1,6.962573502059376
CHEMBL4573277,369.0,nM,C=CC(=O)N1CC(NC(=O)Cn2c(C)c(C(=O)N3CCc4c(cccc4OC)C3)c3cc(Cl)ccc32)C1,6.432973633840939
CHEMBL4591653,150.0,nM,C=CC(=O)N1CC(NC(=O)Cn2c(C)c(C(=O)N3CCc4c(cccc4OC)C3)c3cc(Cl)cc(C)c32)C1,6.823908740944319
CHEMBL4464335,115.0,nM,C=CC(=O)N1CC(NC(=O)Cn2c(C3CC3)c(C(=O)N3CCc4c(cccc4OC)C3)c3cc(Cl)cc(C)c32)C1,6.939302159646388
CHEMBL4577812,2780.0,nM,C=CC(=O)N1CC(NC(=O)COc2ccc(Br)cc2C(=O)N2CC=C(c3ccccc3)C2)C1,5.555955204081924
CHEMBL4444447,11400.0,nM,C=CC(=O)N1CC(NC(=O)Cn2cc(C(=O)N3CCc4c(cccc4OC)C3)c3cc(Br)ccc32)C1,4.943095148663527
CHEMBL4455193,100000.0,nM,C=CC(=O)N1CC(NC(=O)Cn2cc(C(=O)NCc3ccccc3)c3cc(Br)ccc32)C1,4.0
CHEMBL4569400,41200.0,nM,C=CC(=O)N1CC(NC(=O)Cn2cc(C(=O)NCCc3ccccc3)c3cc(Br)ccc32)C1,4.3851027839668655
CHEMBL4522790,52700.0,nM,C=CC(=O)N1CC(NC(=O)Cn2cc(C(=O)N(C)Cc3ccccc3)c3cc(Br)ccc32)C1,4.278189384787454
CHEMBL4476533,36500.0,nM,C=CC(=O)N1CC(NC(=O)Cn2cc(C(=O)N3CCc4ccccc4C3)c3cc(Br)ccc32)C1,4.437707135543525
CHEMBL4456127,28000.0,nM,C=CC(=O)N1CC(NC(=O)Cn2cc(C(=O)N3CCc4cc(F)ccc4C3)c3cc(Br)ccc32)C1,4.552841968657781
CHEMBL4466759,30000.0,nM,C=CC(=O)N1CC(NC(=O)Cn2cc(C(=O)N3CCc4c(F)cccc4C3)c3cc(Br)ccc32)C1,4.522878745280337
CHEMBL4435858,17900.0,nM,C=CC(=O)N1CC(NC(=O)Cn2cc(C(=O)N3CCc4cc(Cl)ccc4C3)c3cc(Br)ccc32)C1,4.747146969020107
CHEMBL4570206,23900.0,nM,C=CC(=O)N1CC(NC(=O)Cn2cc(C(=O)N3CCc4c(Cl)cccc4C3)c3cc(Br)ccc32)C1,4.621602099051862
CHEMBL4520093,1680.0,nM,C=CC(=O)N1CC(NC(=O)Cn2c(C)c(C(=O)N3CCc4c(cccc4OC)C3)c3cc(Br)ccc32)C1,5.774690718274137
CHEMBL4579956,604.0,nM,C=CC(=O)N1CC(NC(=O)Cn2c(C3CC3)c(C(=O)N3CCc4c(cccc4OC)C3)c3cc(Br)ccc32)C1,6.218963061378868
CHEMBL4457550,12800.0,nM,C=CC(=O)N1CC(NC(=O)Cn2cc(C(=O)N3CCc4c(cccc4OC)C3)c3cc(Br)cc(C)c32)C1,4.892790030352131
CHEMBL4541628,299.0,nM,C=CC(=O)N1CC(NC(=O)Cn2c(C)c(C(=O)N3CCc4c(cccc4OC)C3)c3cc(Br)cc(C)c32)C1,6.52432881167557
CHEMBL4573277,3550.0,nM,C=CC(=O)N1CC(NC(=O)Cn2c(C)c(C(=O)N3CCc4c(cccc4OC)C3)c3cc(Cl)ccc32)C1,5.449771646944906
CHEMBL4591653,683.0,nM,C=CC(=O)N1CC(NC(=O)Cn2c(C)c(C(=O)N3CCc4c(cccc4OC)C3)c3cc(Cl)cc(C)c32)C1,6.165579296318468
CHEMBL4464335,219.0,nM,C=CC(=O)N1CC(NC(=O)Cn2c(C3CC3)c(C(=O)N3CCc4c(cccc4OC)C3)c3cc(Cl)cc(C)c32)C1,6.6595558851598815
CHEMBL4577812,11300.0,nM,C=CC(=O)N1CC(NC(=O)COc2ccc(Br)cc2C(=O)N2CC=C(c3ccccc3)C2)C1,4.94692155651658
CHEMBL4464335,10000.0,nM,C=CC(=O)N1CC(NC(=O)Cn2c(C3CC3)c(C(=O)N3CCc4c(cccc4OC)C3)c3cc(Cl)cc(C)c32)C1,5.0
CHEMBL4457820,126.0,nM,C=CC(=O)N1CCN(c2nc(N3CC(N(C)C)C3)nc3c2C[C@@H](C)[C@H](c2c(Cl)c(C)cc4[nH]ncc24)C3)CC1,6.899629454882437
CHEMBL4473733,236.0,nM,C=CC(=O)N1CCN(c2nc(OC[C@H]3CCCN3C)nc3c2C[C@@H](C)[C@H](c2c(C)ccc4[nH]ncc24)C3)CC1,6.627087997029894
CHEMBL4466335,214.0,nM,C=CC(=O)N1CCN(c2nc(OCCCN(C)C)nc3c2C[C@@H](C)[C@H](c2c(C)ccc4[nH]ncc24)C3)CC1,6.669586226650809
CHEMBL4441401,4860.0,nM,C=CC(=O)N1CCN(c2ncnc3c2CCC(c2c(C)ccc4[nH]ncc24)C3)[C@@H](C)C1,5.313363730737707
CHEMBL4572411,640.0,nM,C=CC(=O)N1CCN(c2ncnc3c2C[C@@H](C)[C@H](c2c(C)ccc4[nH]ncc24)C3)CC1,6.1938200260161125
CHEMBL4467039,169.0,nM,C=CC(=O)N1CCN(c2nc(N3CC(N(C)C)C3)nc3c2C[C@@H](C)[C@H](c2c(Cl)ccc4[nH]ncc24)C3)CC1,6.772113295386326
CHEMBL4572411,780.0,nM,C=CC(=O)N1CCN(c2ncnc3c2C[C@@H](C)[C@H](c2c(C)ccc4[nH]ncc24)C3)CC1,6.107905397309519
CHEMBL4466335,468.0,nM,C=CC(=O)N1CCN(c2nc(OCCCN(C)C)nc3c2C[C@@H](C)[C@H](c2c(C)ccc4[nH]ncc24)C3)CC1,6.329754146925876
CHEMBL4473733,129.0,nM,C=CC(=O)N1CCN(c2nc(OC[C@H]3CCCN3C)nc3c2C[C@@H](C)[C@H](c2c(C)ccc4[nH]ncc24)C3)CC1,6.889410289700751
CHEMBL4457820,116.0,nM,C=CC(=O)N1CCN(c2nc(N3CC(N(C)C)C3)nc3c2C[C@@H](C)[C@H](c2c(Cl)c(C)cc4[nH]ncc24)C3)CC1,6.935542010773082
CHEMBL4467039,395.0,nM,C=CC(=O)N1CCN(c2nc(N3CC(N(C)C)C3)nc3c2C[C@@H](C)[C@H](c2c(Cl)ccc4[nH]ncc24)C3)CC1,6.403402904373539
CHEMBL4475526,12.0,nM,C=CC(=O)N1CCN2c3ncnc4cc(-c5c(C)ccc6[nH]ncc56)c(Cl)c(c34)OC[C@@H]2C1,7.920818753952375
CHEMBL4566835,18.0,nM,C=CC(=O)N1CCN2c3nc(NCCN(C)C)nc4cc(-c5c(C)ccc6[nH]ncc56)c(Cl)c(c34)OC[C@@H]2C1,7.7447274948966935
CHEMBL4443236,21.0,nM,C=CC(=O)N1CCN2c3nc(N4CC(N(C)C)C4)nc4cc(-c5c(C)ccc6[nH]ncc56)c(Cl)c(c34)OC[C@@H]2C1,7.6777807052660805
CHEMBL4443236,19.0,nM,C=CC(=O)N1CCN2c3nc(N4CC(N(C)C)C4)nc4cc(-c5c(C)ccc6[nH]ncc56)c(Cl)c(c34)OC[C@@H]2C1,7.721246399047171
CHEMBL4568148,12.0,nM,C=CC(=O)N1CCN2c3nc(NC4CCN(C5CC5)CC4)nc4cc(-c5c(C)ccc6[nH]ncc56)c(Cl)c(c34)OC[C@@H]2C1,7.920818753952375
CHEMBL4452819,29.0,nM,C=CC(=O)N1CCN2c3ncnc4c(F)c(-c5c(O)cccc5F)c(Cl)c(c34)OC[C@@H]2C1,7.5376020021010435
CHEMBL4450793,32.0,nM,C=CC(=O)N1CCN2c3ncnc4cc(-c5c(O)cccc5Cl)c(Cl)c(c34)OC[C@@H]2C1,7.494850021680094
CHEMBL4455938,97.0,nM,C=CC(=O)N1CCN2c3ncnc4cc(-c5c(O)cccc5F)c(Cl)c(c34)OC[C@@H]2C1,7.013228265733755
CHEMBL4475526,82.0,nM,C=CC(=O)N1CCN2c3ncnc4cc(-c5c(C)ccc6[nH]ncc56)c(Cl)c(c34)OC[C@@H]2C1,7.086186147616283
CHEMBL4475526,123.0,nM,C=CC(=O)N1CCN2c3ncnc4cc(-c5c(C)ccc6[nH]ncc56)c(Cl)c(c34)OC[C@@H]2C1,6.910094888560602
CHEMBL4452974,18.0,nM,C=CC(=O)N1CCN2c3c(cnc4c(F)c(-c5c(O)cccc5F)c(Cl)cc34)N(C)C(=O)[C@H]2C1,7.7447274948966935
CHEMBL4548586,627.0,nM,C=CC(=O)N1CCN2c3c(cnc4cc(-c5c(C)ccc6[nH]ncc56)c(Cl)cc34)OCC[C@H]2C1,6.202732459169283
CHEMBL4572730,70.0,nM,C=CC(=O)N1CCN2c3c(cnc4c(OC)c(-c5c(O)cccc5F)c(Cl)cc34)OC[C@H]2C1,7.154901959985743
CHEMBL4461958,7653.0,nM,C=CC(=O)N1C[C@@H]2COc3cnc4cc(-c5c(O)cccc5F)c(Cl)cc4c3N2C[C@@H]1C,5.116168286670548
CHEMBL4456612,4342.0,nM,C=CC(=O)N1CCN2c3c(cnc4cc(-c5c(C)ccc6[nH]ncc56)c(Cl)cc34)OCC[C@@H]2C1,5.3623101808815985
CHEMBL4567284,97.0,nM,C=CC(=O)N1CCN2c3c(cnc4c(C)c(-c5c(O)cccc5F)c(Cl)cc34)OC[C@H]2C1,7.013228265733755
CHEMBL4591572,16.0,nM,C=CC(=O)N1CCN2c3c(cnc4c(F)c(-c5c(O)cccc5F)c(Cl)cc34)OC[C@H]2C1,7.795880017344075
CHEMBL4483782,1381.0,nM,C=CC(=O)N1CCN2c3c(cnc4cc(-c5c(C)ccc6[nH]ncc56)c(Cl)cc34)OC[C@H]2C1,5.8598063214213685
CHEMBL4483782,81.0,nM,C=CC(=O)N1CCN2c3c(cnc4cc(-c5c(C)ccc6[nH]ncc56)c(Cl)cc34)OC[C@H]2C1,7.0915149811213505
CHEMBL4454588,610.0,nM,C=CC(=O)N1CCN2c3c(cnc4cc(-c5c(C)ccc6[nH]ncc56)c(Cl)cc34)OC[C@@H]2C1,6.214670164989233
CHEMBL4454588,8857.0,nM,C=CC(=O)N1CCN2c3c(cnc4cc(-c5c(C)ccc6[nH]ncc56)c(Cl)cc34)OC[C@@H]2C1,5.052713355322202
CHEMBL4453777,73.0,nM,C=CC(=O)N1CCN2c3c(cnc4cc(-c5c(O)cccc5F)c(Cl)cc34)NC(=O)[C@H]2C1,7.136677139879544
CHEMBL4551121,150.0,nM,C=CC(=O)N1CCN2c3c(cnc4cc(-c5c(O)cccc5F)c(Cl)cc34)N(C)C(=O)[C@H]2C1,6.823908740944319
CHEMBL4455191,52.0,nM,C=CC(=O)N1C[C@@H]2COc3cnc4cc(-c5c(O)cccc5F)c(Cl)cc4c3N2C[C@H]1C,7.2839966563652006
CHEMBL4456368,211.0,nM,C=CC(=O)N1CCN2c3c(cnc4cc(-c5c(O)cccc5F)c(Cl)cc34)OC[C@H]2C1,6.675717544702307
CHEMBL4560503,387.0,nM,C=CC(=O)N1CCN2c3c(cnc4cc(-c5c(O)cccc5F)c(Cl)cc34)NC[C@H]2C1,6.412289034981089
CHEMBL4461913,132.0,nM,C=CC(=O)N1CCN2c3c(cnc4cc(-c5c(O)cccc5F)c(Cl)cc34)N(C)C[C@H]2C1,6.87942606879415
CHEMBL4536127,496.0,nM,C=CC(=O)N1CCN(c2ncnc3cc(-c4c(C)ccc5[nH]ncc45)c(Cl)cc23)CC1,6.304518323509803
CHEMBL4461434,5.0,nM,C=CC(=O)N1C[C@@H]2C(=O)N(C)c3cnc4c(F)c(-c5c(O)cccc5F)c(Cl)cc4c3N2C[C@H]1C,8.301029995663981
CHEMBL4456598,142.0,nM,C=CC(=O)N1CCN(c2nc(OC[C@@H]3CCCN3C)nc3c2CCN(c2cc(O)cc4ccccc24)C3)CC1,6.847711655616943
CHEMBL4637434,1500.0,nM,C=CC(=O)N1CCN(c2nc(OC[C@@H]3CCCN3C)nc3c2CCN(c2c(C)ccc4[nH]ncc24)C3)CC1,5.823908740944319
CHEMBL4637314,1080.0,nM,C=CC(=O)N1CCN(c2nc(OC[C@@H]3CCCN3C)nc3c2CCN(c2c(CC)ccc4[nH]ncc24)C3)CC1,5.966576244513051
CHEMBL4642347,1180.0,nM,C=CC(=O)N1CCN(c2nc(OC[C@@H]3CCCN3C)nc3c2CCN(c2c(C(C)C)ccc4[nH]ncc24)C3)CC1,5.928117992693875
CHEMBL4642659,351.0,nM,C=CC(=O)N1CCN(c2nc(OC[C@@H]3CCCN3C)nc3c2CCN(c2c(C(F)(F)F)ccc4[nH]ncc24)C3)CC1,6.454692883534176
CHEMBL4645768,254.0,nM,C=CC(=O)N1CCN(c2nc(OC[C@@H]3CCCN3C)nc3c2CCN(c2c(C)c(C)cc4[nH]ncc24)C3)CC1,6.5951662833800615
CHEMBL4647242,4400.0,nM,C=CC(=O)N1CCN(c2nc(OC[C@@H]3CCCN3C)nc3c2CCN(c2cccc4ccccc24)C3)CC1,5.356547323513812
CHEMBL4643600,4630.0,nM,C=CC(=O)N1CCN(c2nc(OC[C@@H]3CCCN3C)nc3c2CCN(c2cccc4ccccc24)C3)CC1CO,5.334419008982047
CHEMBL4649174,4530.0,nM,C=CC(=O)N1CCN(c2nc(OC[C@@H]3CCCN3C)nc3c2CCN(c2cccc4ccccc24)C3)C(CO)C1,5.343901797987168
CHEMBL4649393,5000.0,nM,C=CC(=O)N1CCN(c2nc(OC[C@@H]3CCCN3C)nc3c2CCN(c2cccc4ccccc24)C3)CC1CCO,5.301029995663981
CHEMBL4638484,4840.0,nM,C=CC(=O)N1CCN(c2nc(OC[C@@H]3CCCN3C)nc3c2CCN(c2cccc4ccccc24)C3)C(CCO)C1,5.315154638355588
CHEMBL4648056,14.0,nM,C=CC(=O)N1CCN(c2nc(OC[C@@H]3CCCN3C)nc3c2CCN(c2cccc4ccccc24)C3)CC1CC#N,7.853871964321762
CHEMBL4648671,10.0,nM,C=CC(=O)N1CCN(c2nc(OC[C@@H]3CCCN3C)nc3c2CCN(c2cccc4ccccc24)C3)C[C@@H]1CC#N,8.0
CHEMBL4649703,1020.0,nM,C=CC(=O)N1CCN(c2nc(OC[C@@H]3CCCN3C)nc3c2CCN(c2cccc4ccccc24)C3)C[C@H]1CC#N,5.991399828238082
CHEMBL4639210,3320.0,nM,C=CC(=O)N1CCN(c2nc(OC[C@@H]3CCCN3C)nc3c2CCN(c2cccc4ccccc24)C3)C(CC#N)C1,5.478861916295964
CHEMBL4648124,22.0,nM,C=CC(=O)N1CCN(c2nc(OC[C@@H]3CCCN3C)nc3c2CCN(c2cccc4cccc(OC)c24)C3)C[C@@H]1CC#N,7.657577319177793
CHEMBL4640234,64.0,nM,C=CC(=O)N1CCN(c2nc(OC[C@@H]3CCCN3C)nc3c2CCN(c2cccc4cccc(C#N)c24)C3)C[C@@H]1CC#N,7.1938200260161125
CHEMBL4646899,6.0,nM,C=CC(=O)N1CCN(c2nc(OC[C@@H]3CCCN3C)nc3c2CCN(c2cccc4cccc(CC)c24)C3)C[C@@H]1CC#N,8.221848749616356
CHEMBL4636611,4.0,nM,C=CC(=O)N1CCN(c2nc(OC[C@@H]3CCCN3C)nc3c2CCN(c2cccc4cccc(C(F)(F)F)c24)C3)C[C@@H]1CC#N,8.397940008672037
CHEMBL4648852,1.0,nM,C=CC(=O)N1CCN(c2nc(OC[C@@H]3CCCN3C)nc3c2CCN(c2cccc4cccc(Cl)c24)C3)C[C@@H]1CC#N,9.0
CHEMBL4632935,1.0,nM,C=CC(=O)N1CCN(c2nc(OC[C@@H]3CCCN3C)nc3c2CCN(c2cccc4cccc(C)c24)C3)C[C@@H]1CC#N,9.0
CHEMBL4594350,14.0,nM,C=C(F)C(=O)N1CCN(c2nc(OC[C@@H]3CCCN3C)nc3c2CCN(c2cccc4cccc(Cl)c24)C3)C[C@@H]1CC#N,7.853871964321762
CHEMBL4635454,5000.0,nM,C=C(OC)C(=O)N1CCN(c2nc(OC[C@@H]3CCCN3C)nc3c2CCN(c2cccc4cccc(Cl)c24)C3)C[C@@H]1CC#N,5.301029995663981
CHEMBL4640636,3.0,nM,CN1CCC[C@H]1COc1nc2c(c(N3CCN(C(=O)/C=C/CF)[C@@H](CC#N)C3)n1)CCN(c1cccc3cccc(Cl)c13)C2,8.522878745280337
CHEMBL4645376,9.0,nM,COC/C=C/C(=O)N1CCN(c2nc(OC[C@@H]3CCCN3C)nc3c2CCN(c2cccc4cccc(Cl)c24)C3)C[C@@H]1CC#N,8.045757490560675
CHEMBL4594350,5.0,nM,C=C(F)C(=O)N1CCN(c2nc(OC[C@@H]3CCCN3C)nc3c2CCN(c2cccc4cccc(Cl)c24)C3)C[C@@H]1CC#N,8.301029995663981
CHEMBL59026,15900.0,nM,COc1cc(/C=C/C(=O)c2ccc(F)cc2)cc(OC)c1OC,4.798602875679548
CHEMBL471655,9170.0,nM,COc1cc(/C=C/C(=O)c2ccc(N)cc2)cc(OC)c1OC,5.037630664329979
CHEMBL589993,24640.0,nM,COc1cc(/C=C/C(=O)c2ccc(Br)cc2)cc(OC)c1OC,4.608359296507612
CHEMBL3219765,52970.0,nM,COc1cc(/C=C/C(=O)c2ccccn2)cc(OC)c1OC,4.275970027064402
CHEMBL4643559,8200.0,nM,COc1cc(/C=C/C(=O)c2c(F)cccc2F)cc(OC)c1OC,5.086186147616283
CHEMBL598038,7010.0,nM,COc1cc(/C=C/C(=O)c2ccc([N+](=O)[O-])cc2)cc(OC)c1OC,5.154281982033341
CHEMBL187437,8290.0,nM,COc1ccc(C(=O)/C=C/c2cc(OC)c(OC)c(OC)c2)cc1,5.081445469449727
CHEMBL62070,7420.0,nM,COc1cc(/C=C/C(=O)c2ccc(N(C)C)cc2)cc(OC)c1OC,5.129596094720973
CHEMBL59351,8200.0,nM,COc1cc(C(=O)/C=C/c2ccc([N+](=O)[O-])cc2)cc(OC)c1OC,5.086186147616283
CHEMBL4646677,7490.0,nM,COc1cc(C(=O)/C=C/c2c(F)cccc2F)cc(OC)c1OC,5.125518182300533
CHEMBL4476113,1700.0,nM,C=CC(=O)N1CC(N2CCN(C(=O)CNc3cc(C4(C)CC4)c(Cl)cc3O)CC2)C1,5.769551078621726
CHEMBL4214264,120.0,nM,C=CC(=O)N1CCN(c2ncnc3c(F)c(-c4c(O)cccc4F)c(Cl)cc23)CC1,6.920818753952375
CHEMBL4796065,33000.0,nM,CN(C)Cc1[nH]c2ccccc2c1[C@H]1NC(=O)c2ccc(O)cc21,4.481486060122113
CHEMBL4788500,870.0,nM,O=C1N[C@H](c2c(CNCc3ccc4ccn(Cc5ccccc5)c4c3)[nH]c3ccccc23)c2cc(O)ccc21,6.060480747381382
CHEMBL4750445,450.0,nM,Cn1cnc(Cn2ccc3ccc(CNCc4[nH]c5ccccc5c4[C@H]4NC(=O)c5ccc(O)cc54)cc32)c1,6.346787486224656
CHEMBL4535757,30.0,nM,C=CC(=O)N1CCN(c2nc(=O)n(-c3c(C)ccnc3C(C)C)c3nc(-c4c(O)cccc4F)c(F)cc23)[C@@H](C)C1,7.522878745280337
CHEMBL4594350,10.0,nM,C=C(F)C(=O)N1CCN(c2nc(OC[C@@H]3CCCN3C)nc3c2CCN(c2cccc4cccc(Cl)c24)C3)C[C@@H]1CC#N,8.0
CHEMBL4214264,1590.0,nM,C=CC(=O)N1CCN(c2ncnc3c(F)c(-c4c(O)cccc4F)c(Cl)cc23)CC1,5.798602875679548
CHEMBL4214264,1800.0,nM,C=CC(=O)N1CCN(c2ncnc3c(F)c(-c4c(O)cccc4F)c(Cl)cc23)CC1,5.7447274948966935
CHEMBL4476113,1600.0,nM,C=CC(=O)N1CC(N2CCN(C(=O)CNc3cc(C4(C)CC4)c(Cl)cc3O)CC2)C1,5.795880017344075
CHEMBL4551121,150.0,nM,C=CC(=O)N1CCN2c3c(cnc4cc(-c5c(O)cccc5F)c(Cl)cc34)N(C)C(=O)[C@H]2C1,6.823908740944319
CHEMBL4453777,73.0,nM,C=CC(=O)N1CCN2c3c(cnc4cc(-c5c(O)cccc5F)c(Cl)cc34)NC(=O)[C@H]2C1,7.136677139879544
CHEMBL4461913,132.0,nM,C=CC(=O)N1CCN2c3c(cnc4cc(-c5c(O)cccc5F)c(Cl)cc34)N(C)C[C@H]2C1,6.87942606879415
CHEMBL4560503,387.0,nM,C=CC(=O)N1CCN2c3c(cnc4cc(-c5c(O)cccc5F)c(Cl)cc34)NC[C@H]2C1,6.412289034981089
CHEMBL4535757,10000.0,nM,C=CC(=O)N1CCN(c2nc(=O)n(-c3c(C)ccnc3C(C)C)c3nc(-c4c(O)cccc4F)c(F)cc23)[C@@H](C)C1,5.0
CHEMBL4754887,10000.0,nM,C=CC(=O)N1CCN(c2nc(=O)n(-c3c(C)ccnc3C(C)C)c3c(F)c(-c4c(O)cccc4F)ncc23)[C@@H](C)C1,5.0
CHEMBL4784376,10000.0,nM,C=CC(=O)N1CCN(c2nc(=O)n(-c3c(C)ccnc3C(C)C)c3c(Cl)c(-c4c(O)cccc4F)ncc23)[C@@H](C)C1,5.0
CHEMBL4741576,10000.0,nM,C=CC(=O)N1CCN(c2nc(=O)n(-c3c(C(C)C)ncnc3C(C)C)c3c(Cl)c(-c4c(O)cccc4F)ncc23)[C@@H](C)C1,5.0
CHEMBL4746420,10000.0,nM,C=CC(=O)N1CCN(c2nc(=O)n(-c3c(C(C)C)ncnc3C(C)C)c3c(F)c(-c4c(O)cccc4F)ncc23)[C@@H](C)C1,5.0
CHEMBL4781219,10000.0,nM,C=CC(=O)N1CCN(c2nc(=O)n(-c3c(C(C)C)cccc3C(C)C)c3c(F)c(-c4c(O)cccc4F)ncc23)[C@@H](C)C1,5.0
CHEMBL4754887,10000.0,nM,C=CC(=O)N1CCN(c2nc(=O)n(-c3c(C)ccnc3C(C)C)c3c(F)c(-c4c(O)cccc4F)ncc23)[C@@H](C)C1,5.0
CHEMBL4754887,10000.0,nM,C=CC(=O)N1CCN(c2nc(=O)n(-c3c(C)ccnc3C(C)C)c3c(F)c(-c4c(O)cccc4F)ncc23)[C@@H](C)C1,5.0
CHEMBL4874744,1.0,nM,C=CC(=O)N1CCN(c2cc(C(=O)N[C@@H]3CCC[C@H]3N(C)C)nc3c2CCN(c2cccc4cccc(C)c24)C3)C[C@@H]1CC#N,9.0
CHEMBL4850201,2.2,nM,C=CC(=O)N1CCN(c2cc(C(=O)N[C@H](C)CN3CC(C)(O)C3)nc3c2CCN(c2cccc4cccc(C)c24)C3)C[C@@H]1CC#N,8.657577319177793
CHEMBL4846583,6.2,nM,C=CC(=O)N1CCN(c2cc(C(=O)NC(C)CN3CCC(C)(O)C3)nc3c2CCN(c2cccc4cccc(C)c24)C3)C[C@@H]1CC#N,8.207608310501746
CHEMBL4846583,7.2,nM,C=CC(=O)N1CCN(c2cc(C(=O)NC(C)CN3CCC(C)(O)C3)nc3c2CCN(c2cccc4cccc(C)c24)C3)C[C@@H]1CC#N,8.142667503568731
CHEMBL4860108,5.0,nM,C=C(F)C(=O)N1CCN(c2cc(C(=O)NC(C)CN3CCC(C)(O)C3)nc3c2CCN(c2cccc4cccc(C)c24)C3)C[C@@H]1CC#N,8.301029995663981
CHEMBL4847011,8.3,nM,C=C(F)C(=O)N1CCN(c2cc(C(=O)N[C@H](C)CN(C)C)nc3c2CCN(c2cccc4cccc(C)c24)C3)C[C@@H]1CC#N,8.080921907623926
CHEMBL4866701,4.8,nM,C=CC(=O)N1CCN(c2cc(C(=O)NCC3CCCN3C)nc3c2CCN(c2cccc4cccc(C)c24)C3)C[C@@H]1CC#N,8.318758762624412
CHEMBL4856826,0.9,nM,C=CC(=O)N1CCN(c2cc(C(=O)N[C@H](C)CN(C)C)nc3c2CCN(c2c(Cl)c(C)cc4[nH]ncc24)C3)C[C@@H]1CC#N,9.045757490560675
CHEMBL4852249,6.2,nM,C=CC(=O)N1CCN(c2cc(C(=O)NC[C@H]3CCCN3)nc3c2CCN(c2cccc4cccc(C)c24)C3)C[C@@H]1CC#N,8.207608310501746
CHEMBL4847380,8.3,nM,C=CC(=O)N1CCN(c2cc(C(=O)NCC3CCCCN3)nc3c2CCN(c2cccc4cccc(C)c24)C3)C[C@@H]1CC#N,8.080921907623926
CHEMBL4860377,4.5,nM,C=CC(=O)N1CCN(c2cc(C(=O)NC3(CC)CCNC3)nc3c2CCN(c2cccc4cccc(C)c24)C3)C[C@@H]1CC#N,8.346787486224656
CHEMBL4847146,5.4,nM,C=CC(=O)N1CCN(c2cc(C(=O)NC3(C)CCCNC3)nc3c2CCN(c2cccc4cccc(C)c24)C3)C[C@@H]1CC#N,8.267606240177031
CHEMBL4869082,2.4,nM,C=CC(=O)N1CCN(c2nc(=O)n3c4nc(c(F)cc24)-c2c(F)cccc2OCCCCc2ccnc(C(C)C)c2-3)[C@@H](C)C1,8.619788758288394
CHEMBL4870399,3.5,nM,C=CC(=O)N1C[C@H](C)N(c2nc(=O)n3c4nc(c(F)cc24)-c2c(F)cccc2OCCCCc2ccnc(C(C)C)c2-3)C[C@H]1C,8.455931955649724
CHEMBL4866126,4.3,nM,C=CC(=O)N1CCN(c2nc(=O)n3c4nc(c(F)cc24)-c2c(F)cccc2OCCCc2ccnc(C(C)C)c2-3)[C@@H](C)C1,8.366531544420413
CHEMBL4875422,1.1,nM,C=CC(=O)N1C[C@H](C)N(c2nc(=O)n3c4nc(c(Cl)cc24)-c2c(F)ccc(F)c2OCCOc2ccnc(C(C)C)c2-3)C[C@H]1C,8.958607314841775
CHEMBL4855521,0.51,nM,[2H]C1([2H])Oc2ccc(F)c(F)c2-c2nc3c(cc2Cl)c(N2C[C@@H](C)N(C(=O)C=C)C[C@@H]2C)nc(=O)n3-c2c(ccnc2C(C)C)OC1([2H])[2H],9.292429823902063
CHEMBL4879271,0.91,nM,C=CC(=O)N1C[C@H](C)N(c2nc(=O)n3c4nc(c(Cl)cc24)-c2c(F)cccc2OCC(F)(F)COc2ccnc(C(C)C)c2-3)C[C@H]1C,9.040958607678906
CHEMBL4852458,0.51,nM,C=CC(=O)N1C[C@H](C)N(c2nc(=O)n3c4nc(c(Cl)cc24)-c2c(ccc(F)c2F)OCCCc2ncnc(C(C)C)c2-3)C[C@H]1C,9.292429823902063
CHEMBL4864188,1.7,nM,C=CC(=O)N1C[C@H](C)N(c2nc(=O)n3c4nc(c(F)cc24)-c2c(F)cccc2OCCCc2ccnc(C(C)C)c2-3)C[C@H]1C,8.769551078621726
CHEMBL4855378,2.3,nM,C=CC(=O)N1C[C@H](C)N(c2nc(=O)n3c4nc(c(F)cc24)-c2c(Cl)cccc2OCCCc2ccnc(C(C)C)c2-3)C[C@H]1C,8.638272163982407
CHEMBL4863593,1.4,nM,C=CC(=O)N1C[C@H](C)N(c2nc(=O)n3c4nc(c(F)cc24)-c2c(ccc(F)c2F)OCCC(C)c2ccnc(C(C)C)c2-3)C[C@H]1C,8.853871964321762
CHEMBL4856277,0.56,nM,C=CC(=O)N1CCN(c2nc(=O)n3c4nc(c(Cl)cc24)-c2c(F)cccc2OCC(F)(F)CCc2ccnc(C(C)C)c2-3)[C@@H](C)C1,9.2518119729938
CHEMBL4876119,2.6,nM,C=CC(=O)N1C[C@H](C)N(c2nc(=O)n3c4nc(c(Cl)cc24)-c2c(F)cccc2OCCc2ccnc(C(C)C)c2-3)C[C@H]1C,8.585026652029182
CHEMBL4861413,610.0,nM,Cc1ccnc(C(C)C)c1-n1c(=O)nc(N2CCN(C(=O)C=O)C[C@@H]2C)c2cc(Cl)c(-c3ccccc3F)nc21,6.214670164989233
CHEMBL4870135,95.0,nM,COC(=O)/C=C/C(=O)N1CCN(c2nc(=O)n(-c3c(C)ccnc3C(C)C)c3nc(-c4ccccc4F)c(Cl)cc23)[C@@H](C)C1,7.022276394711152
CHEMBL4849074,3780.0,nM,Cc1ccnc(C(C)C)c1-n1c(=O)nc(N2CCN(C(=O)[C@H]3CO3)C[C@@H]2C)c2cc(Cl)c(-c3ccccc3F)nc21,5.422508200162775
CHEMBL4877899,17800.0,nM,Cc1ccnc(C(C)C)c1-n1c(=O)nc(N2CCN(C(=O)C3OC3C)C[C@@H]2C)c2cc(Cl)c(-c3ccccc3F)nc21,4.749579997691106
CHEMBL4867096,216.0,nM,CCOC(=O)[C@@H]1O[C@H]1C(=O)N1CCN(c2nc(=O)n(-c3c(C)ccnc3C(C)C)c3nc(-c4ccccc4F)c(Cl)cc23)[C@@H](C)C1,6.665546248849069
CHEMBL4879059,1120.0,nM,Cc1ccnc(C(C)C)c1-n1c(=O)nc(N2CCN(C(=O)[C@@H]3O[C@H]3CN3CCCCC3)C[C@@H]2C)c2cc(Cl)c(-c3ccccc3F)nc21,5.950781977329818
CHEMBL4873951,6260.0,nM,Cc1ccnc(C(C)C)c1-n1c(=O)nc(N2CCN(C(=O)[C@@H]3O[C@H]3CO)C[C@@H]2C)c2cc(Cl)c(-c3ccccc3F)nc21,5.20342566678957
CHEMBL4852058,4410.0,nM,Cc1ccnc(C(C)C)c1-n1c(=O)nc(N2CC(NC(=O)C3CO3)C2)c2cc(Cl)c(-c3ccccc3F)nc21,5.355561410532162
CHEMBL4873683,13800.0,nM,Cc1ccnc(C(C)C)c1-n1c(=O)nc(N(C)C2CN(C(=O)C3CO3)C2)c2cc(Cl)c(-c3ccccc3F)nc21,4.860120913598763
CHEMBL4858243,653.0,nM,Cc1ccnc(C(C)C)c1-n1c(=O)nc(N2C[C@@H](C)N(C(=O)[C@H]3CO3)C[C@@H]2C)c2cc(Cl)c(-c3c(O)cccc3F)nc21,6.185086818724926
CHEMBL4854390,560.0,nM,Cc1ccnc(C(C)C)c1-n1c(=O)nc(N2C[C@@H](C)N(C(=O)[C@H]3CO3)C[C@@H]2C)c2cc(Cl)c(-c3c(N)cccc3F)nc21,6.251811972993799
CHEMBL4861413,39.0,nM,Cc1ccnc(C(C)C)c1-n1c(=O)nc(N2CCN(C(=O)C=O)C[C@@H]2C)c2cc(Cl)c(-c3ccccc3F)nc21,7.4089353929735005
CHEMBL4870135,26.0,nM,COC(=O)/C=C/C(=O)N1CCN(c2nc(=O)n(-c3c(C)ccnc3C(C)C)c3nc(-c4ccccc4F)c(Cl)cc23)[C@@H](C)C1,7.585026652029182
CHEMBL4849074,27.0,nM,Cc1ccnc(C(C)C)c1-n1c(=O)nc(N2CCN(C(=O)[C@H]3CO3)C[C@@H]2C)c2cc(Cl)c(-c3ccccc3F)nc21,7.568636235841013
CHEMBL4877899,96.0,nM,Cc1ccnc(C(C)C)c1-n1c(=O)nc(N2CCN(C(=O)C3OC3C)C[C@@H]2C)c2cc(Cl)c(-c3ccccc3F)nc21,7.017728766960431
CHEMBL4867096,5.0,nM,CCOC(=O)[C@@H]1O[C@H]1C(=O)N1CCN(c2nc(=O)n(-c3c(C)ccnc3C(C)C)c3nc(-c4ccccc4F)c(Cl)cc23)[C@@H](C)C1,8.301029995663981
CHEMBL4879059,5.0,nM,Cc1ccnc(C(C)C)c1-n1c(=O)nc(N2CCN(C(=O)[C@@H]3O[C@H]3CN3CCCCC3)C[C@@H]2C)c2cc(Cl)c(-c3ccccc3F)nc21,8.301029995663981
CHEMBL4873951,64.0,nM,Cc1ccnc(C(C)C)c1-n1c(=O)nc(N2CCN(C(=O)[C@@H]3O[C@H]3CO)C[C@@H]2C)c2cc(Cl)c(-c3ccccc3F)nc21,7.1938200260161125
CHEMBL4852058,18.0,nM,Cc1ccnc(C(C)C)c1-n1c(=O)nc(N2CC(NC(=O)C3CO3)C2)c2cc(Cl)c(-c3ccccc3F)nc21,7.7447274948966935
CHEMBL4873683,227.0,nM,Cc1ccnc(C(C)C)c1-n1c(=O)nc(N(C)C2CN(C(=O)C3CO3)C2)c2cc(Cl)c(-c3ccccc3F)nc21,6.6439741428068775
CHEMBL4858243,24.0,nM,Cc1ccnc(C(C)C)c1-n1c(=O)nc(N2C[C@@H](C)N(C(=O)[C@H]3CO3)C[C@@H]2C)c2cc(Cl)c(-c3c(O)cccc3F)nc21,7.619788758288394
CHEMBL4854390,15.0,nM,Cc1ccnc(C(C)C)c1-n1c(=O)nc(N2C[C@@H](C)N(C(=O)[C@H]3CO3)C[C@@H]2C)c2cc(Cl)c(-c3c(N)cccc3F)nc21,7.823908740944319
CHEMBL4861413,711.0,nM,Cc1ccnc(C(C)C)c1-n1c(=O)nc(N2CCN(C(=O)C=O)C[C@@H]2C)c2cc(Cl)c(-c3ccccc3F)nc21,6.148130399270234
CHEMBL4870135,61.0,nM,COC(=O)/C=C/C(=O)N1CCN(c2nc(=O)n(-c3c(C)ccnc3C(C)C)c3nc(-c4ccccc4F)c(Cl)cc23)[C@@H](C)C1,7.214670164989233
CHEMBL4867096,96.0,nM,CCOC(=O)[C@@H]1O[C@H]1C(=O)N1CCN(c2nc(=O)n(-c3c(C)ccnc3C(C)C)c3nc(-c4ccccc4F)c(Cl)cc23)[C@@H](C)C1,7.017728766960431
CHEMBL4875572,1.5,nM,Oc1cc(N2CCc3c(nc(OCC4(CN5CC[C@@H](F)C5)CC4)nc3N3CC4CCC(C3)N4)C2)c2c(Br)cccc2c1,8.823908740944319
CHEMBL4872714,1.2,nM,Oc1cc(N2CCc3c(nc(OCC4(CN5CCOCC5)CC4)nc3N3CC4CCC(C3)N4)C2)c2c(Br)cccc2c1,8.920818753952375
CHEMBL4857517,3.2,nM,Cc1cccc2cc(O)cc(N3CCc4c(nc(OCC5(CN6CCOCC6)CC5)nc4N4CC5CCC(C4)N5)C3)c12,8.494850021680094
CHEMBL4849611,0.7,nM,CN(C)CC1(COc2nc3c(c(N4CC5CCC(C4)N5)n2)CCN(c2cc(O)cc4cccc(I)c24)C3)CC1,9.154901959985743
CHEMBL4876274,0.9,nM,Oc1cc(N2CCc3c(nc(OCC4(CN5CC[C@@H](F)C5)CC4)nc3N3CC4CCC(C3)N4)C2)c2c(I)cccc2c1,9.045757490560675
CHEMBL4869200,0.7,nM,Oc1cc(N2CCc3c(nc(OCC4(CN5CCOCC5)CC4)nc3N3CC4CCC(C3)N4)C2)c2c(I)cccc2c1,9.154901959985743
CHEMBL4852554,5.1,nM,CN(C)CC1(COc2nc(N3CC4CCC(C3)N4)c3cc(F)c(-c4cc(O)cc5ccccc45)c(F)c3n2)CC1,8.292429823902063
CHEMBL4878409,9.7,nM,CN(C)CC1(COc2nc3c(c(N4CC5CCC(C4)N5)n2)CCN(c2cc(O)cc4cccc(Br)c24)C3)CC1(F)F,8.013228265733755
CHEMBL4853619,18.5,nM,CN1C[C@H](F)C[C@H]1COc1nc2c(c(N3CC4CCC(C3)N4)n1)CCN(c1cc(O)cc3cccc(Br)c13)C2,7.732828271596986
CHEMBL4872056,3400.0,nM,CC[C@@H](C)[C@@H]1NC(=O)[C@H](Cc2cn(CCc3c(C)[nH]c4cc(Cl)cc(Cl)c34)nn2)NC(=O)[C@@H](CC(N)=O)NC(=O)[C@H](CCCNC(=N)N)NC(=O)[C@H](Cc2ccccc2)NC(=O)[C@@H](CC(C)C)NC(=O)[C@@H](C)NC(=O)c2cc3cc(c2)C(=O)NC[C@@H](C(N)=O)NC(=O)[C@H](CCCNC(=N)N)NC(=O)[C@H](CCCNC(=N)N)NC(=O)[C@H](CCCNC(=N)N)NC(=O)[C@H](CCCNC(=N)N)NC(=O)[C@H](Cc2ccc4ccccc4c2)NC(=O)[C@H](Cc2ccccc2)NC(=O)C(CCCCNC3=O)NC(=O)[C@H](CC(=O)O)NC1=O,5.468521082957745
CHEMBL4851139,690.0,nM,C[C@@H](NC(=O)[C@H](Cc1ccccc1)NC(=O)[C@@H](CCCNC(=N)N)NC(=O)[C@H](CCCN)NC(=O)[C@@H]1CNC(=O)c2cc3cc(c2)C(=O)N[C@H](Cc2ccc4ccccc4c2)C(=O)N[C@@H](CO)C(=O)N[C@@H](CC(N)=O)C(=O)N[C@H](Cc2ccc4ccccc4c2)C(=O)N[C@@H](c2ccccc2)C(=O)N[C@@H](CCCCNC3=O)C(=O)N[C@H](Cc2ccccc2)C(=O)N[C@@H](CCC(N)=O)C(=O)N[C@H](CCCNC(=N)N)C(=O)N[C@@H](CCCNC(=N)N)C(=O)N1)C(N)=O,6.161150909262744
CHEMBL4867496,4.4,nM,C[C@@H]1NC(=O)[C@@H](Cc2ccccc2)NC(=O)[C@@H]2CCCCNC(=O)c3cc(cc(c3)C(=O)N[C@H](Cc3ccc4ccccc4c3)C(=O)N[C@@H](CO)C(=O)N[C@@H](CCC(N)=O)C(=O)N[C@H](Cc3ccc4ccccc4c3)C(=O)N[C@@H](c3ccccc3)C(=O)N2)C(=O)NC[C@@H](C(=O)NCCC(=O)NCCC(=O)NC(CCCCN)C(N)=O)NC(=O)[C@H](CCCNC(=N)N)NC(=O)[C@@H](CCCNC(=N)N)NC1=O,8.356547323513812
CHEMBL4857709,5800.0,nM,C[C@@H]1NC(=O)[C@@H](Cc2ccccc2)NC(=O)[C@@H]2CCCCNC(=O)c3cc(cc(c3)C(=O)N[C@H](Cc3ccc4ccccc4c3)C(=O)N[C@@H](CO)C(=O)N[C@@H](CCC(N)=O)C(=O)N[C@H](Cc3ccc4ccccc4c3)C(=O)N[C@@H](c3ccccc3)C(=O)N2)C(=O)NC[C@@H](C(=O)N[C@@H](CCC(=O)O)C(=O)N[C@@H](Cc2cnc[nH]2)C(=O)N2CCC[C@@H]2C(=O)N[C@H](Cc2ccc(O)cc2)C(=O)N[C@@H](CCCCN)C(N)=O)NC(=O)[C@H](CCCNC(=N)N)NC(=O)[C@@H](CCCNC(=N)N)NC1=O,5.236572006437063
CHEMBL4856925,8000.0,nM,C[C@@H]1NC(=O)[C@@H](Cc2ccccc2)NC(=O)[C@@H]2CCCCNC(=O)c3cc(cc(c3)C(=O)N[C@H](Cc3ccc4ccccc4c3)C(=O)N[C@@H](CO)C(=O)N[C@@H](CCC(N)=O)C(=O)N[C@H](Cc3ccc4ccccc4c3)C(=O)N[C@@H](c3ccccc3)C(=O)N2)C(=O)NC[C@@H](C(=O)N[C@@H](C(=O)N[C@@H](CO)C(=O)N2CCC[C@@H]2C(=O)N2CCCC[C@@H]2C(=O)N[C@@H](CCCCN)C(N)=O)[C@H](C)O)NC(=O)[C@H](CCCNC(=N)N)NC(=O)[C@@H](CCCNC(=N)N)NC1=O,5.096910013008056
CHEMBL4872590,1700.0,nM,C[C@@H]1NC(=O)[C@@H](Cc2ccccc2)NC(=O)[C@@H]2CCCCNC(=O)c3cc(cc(c3)C(=O)N[C@H](Cc3ccc4ccccc4c3)C(=O)N[C@@H](CO)C(=O)N[C@@H](CCC(N)=O)C(=O)N[C@H](Cc3ccc4ccccc4c3)C(=O)N[C@@H](c3ccccc3)C(=O)N2)C(=O)NC[C@@H](C(=O)N[C@@H](CCN)CC(=O)N[C@H](CCCNC(=N)N)C(=O)N[C@@H](Cc2ccc(F)cc2)C(=O)N[C@H](C)C(=O)N[C@@H](CCCCN)C(N)=O)NC(=O)[C@H](CCCNC(=N)N)NC(=O)[C@@H](CCCNC(=N)N)NC1=O,5.769551078621726
CHEMBL4862158,6900.0,nM,C[C@@H]1NC(=O)[C@@H](Cc2ccccc2)NC(=O)[C@@H]2CCCCNC(=O)c3cc(cc(c3)C(=O)N[C@H](Cc3ccc4ccccc4c3)C(=O)N[C@@H](CO)C(=O)N[C@@H](CCC(N)=O)C(=O)N[C@H](Cc3ccc4ccccc4c3)C(=O)N[C@@H](c3ccccc3)C(=O)N2)C(=O)NC[C@@H](C(=O)N[C@@H](C(=O)N[C@@H](Cc2cnc[nH]2)C(=O)N[C@H](CCC(=O)O)C(=O)N[C@H](CCCNC(=N)N)C(=O)N[C@@H](CCCCN)C(N)=O)[C@H](C)O)NC(=O)[C@H](CCCNC(=N)N)NC(=O)[C@@H](CCCNC(=N)N)NC1=O,5.161150909262744
CHEMBL4848889,9700.0,nM,CC[C@H](C)[C@H](NC(=O)[C@H](CCC(N)=O)NC(=O)[C@H](CO)NC(=O)[C@@H]1CNC(=O)c2cc3cc(c2)C(=O)N[C@H](Cc2ccc4ccccc4c2)C(=O)N[C@@H](CO)C(=O)N[C@@H](CCC(N)=O)C(=O)N[C@H](Cc2ccc4ccccc4c2)C(=O)N[C@@H](c2ccccc2)C(=O)N[C@@H](CCCCNC3=O)C(=O)N[C@H](Cc2ccccc2)C(=O)N[C@@H](C)C(=O)N[C@H](CCCNC(=N)N)C(=O)N[C@@H](CCCNC(=N)N)C(=O)N1)C(=O)N[C@H](CCCNC(=N)N)C(=O)N[C@@H](CCCCN)C(N)=O,5.013228265733755
CHEMBL4863413,1700.0,nM,CC(C)C[C@@H](NC(=O)[C@H](CCC(N)=O)NC(=O)CNC(=O)[C@@H]1CNC(=O)c2cc3cc(c2)C(=O)N[C@H](Cc2ccc4ccccc4c2)C(=O)N[C@@H](CO)C(=O)N[C@@H](CCC(N)=O)C(=O)N[C@H](Cc2ccc4ccccc4c2)C(=O)N[C@@H](c2ccccc2)C(=O)N[C@@H](CCCCNC3=O)C(=O)N[C@H](Cc2ccccc2)C(=O)N[C@@H](C)C(=O)N[C@H](CCCNC(=N)N)C(=O)N[C@@H](CCCNC(=N)N)C(=O)N1)C(=O)N[C@H](CCCNC(=N)N)C(=O)N[C@@H](CCCCN)C(N)=O,5.769551078621726
CHEMBL4873891,18000.0,nM,CC(C)C[C@@H](NC(=O)[C@@H]1CNC(=O)c2cc3cc(c2)C(=O)N[C@H](Cc2ccc4ccccc4c2)C(=O)N[C@@H](CO)C(=O)N[C@@H](CCC(N)=O)C(=O)N[C@H](Cc2ccc4ccccc4c2)C(=O)N[C@@H](c2ccccc2)C(=O)N[C@@H](CCCCNC3=O)C(=O)N[C@H](Cc2ccccc2)C(=O)N[C@@H](C)C(=O)N[C@H](CCCNC(=N)N)C(=O)N[C@@H](CCCNC(=N)N)C(=O)N1)C(=O)N[C@@H](CO)C(=O)N[C@H](Cc1ccc2ccccc2c1)C(=O)N[C@H](CCCNC(=N)N)C(N)=O,4.7447274948966935
CHEMBL4864726,7200.0,nM,CCCC[C@H](NC(=O)CNC(=O)C[C@H](CCC)NC(=O)[C@@H]1CNC(=O)c2cc3cc(c2)C(=O)N[C@H](Cc2ccc4ccccc4c2)C(=O)N[C@@H](CO)C(=O)N[C@@H](CCC(N)=O)C(=O)N[C@H](Cc2ccc4ccccc4c2)C(=O)N[C@@H](c2ccccc2)C(=O)N[C@@H](CCCCNC3=O)C(=O)N[C@H](Cc2ccccc2)C(=O)N[C@@H](C)C(=O)N[C@H](CCCNC(=N)N)C(=O)N[C@@H](CCCNC(=N)N)C(=O)N1)C(=O)N[C@H](CCCNC(=N)N)C(N)=O,5.142667503568732
CHEMBL4859989,3100.0,nM,C[C@H](NC(=O)[C@@H]1CNC(=O)c2cc3cc(c2)C(=O)N[C@H](Cc2ccc4ccccc4c2)C(=O)N[C@@H](CO)C(=O)N[C@@H](CCC(N)=O)C(=O)N[C@H](Cc2ccc4ccccc4c2)C(=O)N[C@@H](c2ccccc2)C(=O)N[C@@H](CCCCNC3=O)C(=O)N[C@H](Cc2ccccc2)C(=O)N[C@@H](C)C(=O)N[C@H](CCCNC(=N)N)C(=O)N[C@@H](CCCNC(=N)N)C(=O)N1)C(=O)N[C@H](CCCNC(=N)N)C(=O)N[C@H](Cc1ccccc1)C(=O)N[C@@H](Cc1ccc(F)cc1)C(N)=O,5.508638306165727
CHEMBL4863517,1700.0,nM,C[C@H](CC(=O)N[C@@H](Cc1ccc(F)cc1)C(N)=O)NC(=O)[C@@H](CCCNC(=N)N)NC(=O)C[C@H](CCN)NC(=O)[C@@H]1CNC(=O)c2cc3cc(c2)C(=O)N[C@H](Cc2ccc4ccccc4c2)C(=O)N[C@@H](CO)C(=O)N[C@@H](CCC(N)=O)C(=O)N[C@H](Cc2ccc4ccccc4c2)C(=O)N[C@@H](c2ccccc2)C(=O)N[C@@H](CCCCNC3=O)C(=O)N[C@H](Cc2ccccc2)C(=O)N[C@@H](C)C(=O)N[C@H](CCCNC(=N)N)C(=O)N[C@@H](CCCNC(=N)N)C(=O)N1,5.769551078621726
CHEMBL4847699,2900.0,nM,CC(C)[C@@H](NC(=O)C[C@H](CCN)NC(=O)[C@@H]1CNC(=O)c2cc3cc(c2)C(=O)N[C@H](Cc2ccc4ccccc4c2)C(=O)N[C@@H](CO)C(=O)N[C@@H](CCC(N)=O)C(=O)N[C@H](Cc2ccc4ccccc4c2)C(=O)N[C@@H](c2ccccc2)C(=O)N[C@@H](CCCCNC3=O)C(=O)N[C@H](Cc2ccccc2)C(=O)N[C@@H](C)C(=O)N[C@H](CCCNC(=N)N)C(=O)N[C@@H](CCCNC(=N)N)C(=O)N1)C(=O)N[C@H](C)CC(=O)N[C@H](Cc1c[nH]c2ccccc12)C(=O)NCCC(N)=O,5.5376020021010435
CHEMBL4861137,5700.0,nM,C[C@@H]1NC(=O)[C@@H](Cc2ccccc2)NC(=O)[C@@H]2CCCCNC(=O)c3cc(cc(c3)C(=O)N[C@H](Cc3ccc4ccccc4c3)C(=O)N[C@@H](CO)C(=O)N[C@@H](CCC(N)=O)C(=O)N[C@H](Cc3ccc4ccccc4c3)C(=O)N[C@@H](c3ccccc3)C(=O)N2)C(=O)NC[C@@H](C(=O)N[C@@H](CCN)CC(=O)N[C@H](CC(N)=O)C(=O)N[C@H](Cc2ccc(O)cc2)C(=O)N[C@@H](C(N)=O)[C@H](C)O)NC(=O)[C@H](CCCNC(=N)N)NC(=O)[C@@H](CCCNC(=N)N)NC1=O,5.2441251443275085
CHEMBL4870144,1700.0,nM,C[C@@H]1NC(=O)[C@@H](Cc2ccccc2)NC(=O)[C@@H]2CCCCNC(=O)c3cc(cc(c3)C(=O)N[C@H](Cc3ccc4ccccc4c3)C(=O)N[C@@H](CO)C(=O)N[C@@H](CCC(N)=O)C(=O)N[C@H](Cc3ccc4ccccc4c3)C(=O)N[C@@H](c3ccccc3)C(=O)N2)C(=O)NC[C@@H](C(=O)N[C@@H](CCCN)C(=O)N[C@H](CCCNC(=N)N)C(=O)N[C@@H](Cc2ccc(F)cc2)C(=O)N[C@H](C)C(=O)N[C@@H](CCCCN)C(N)=O)NC(=O)[C@H](CCCNC(=N)N)NC(=O)[C@@H](CCCNC(=N)N)NC1=O,5.769551078621726
CHEMBL4863190,890.0,nM,C[C@@H]1NC(=O)[C@@H](Cc2ccccc2)NC(=O)[C@@H]2CCCCNC(=O)c3cc(cc(c3)C(=O)N[C@H](Cc3ccc4ccccc4c3)C(=O)N[C@@H](CO)C(=O)N[C@@H](CC(N)=O)C(=O)N[C@H](Cc3ccc4ccccc4c3)C(=O)N[C@@H](c3ccccc3)C(=O)N2)C(=O)NC[C@@H](C(=O)N[C@@H](CCN)CC(=O)N[C@H](CCCNC(=N)N)C(=O)N[C@@H](Cc2ccc(F)cc2)C(=O)N[C@H](C)C(=O)N[C@@H](CCCCN)C(N)=O)NC(=O)[C@H](CCCNC(=N)N)NC(=O)[C@@H](CCCNC(=N)N)NC1=O,6.050609993355087
CHEMBL4871362,700.0,nM,C[C@@H]1NC(=O)[C@@H](Cc2ccccc2)NC(=O)[C@@H]2CCCCNC(=O)c3cc(cc(c3)C(=O)N[C@H](Cc3ccc4ccccc4c3)C(=O)N[C@@H](CO)C(=O)N[C@@H](CC(N)=O)C(=O)N[C@H](Cc3ccc4ccccc4c3)C(=O)N[C@@H](c3ccccc3)C(=O)N2)C(=O)NC[C@@H](C(=O)N[C@@H](CCN)CC(=O)N[C@H](CCCNC(=N)N)C(=O)N[C@@H](Cc2ccc(F)cc2)C(=O)N[C@H](C)C(N)=O)NC(=O)[C@H](CCCNC(=N)N)NC(=O)[C@@H](CCCNC(=N)N)NC1=O,6.154901959985743
CHEMBL4870843,550.0,nM,C[C@@H]1NC(=O)[C@@H](Cc2ccccc2)NC(=O)[C@@H]2CCCCNC(=O)c3cc(cc(c3)C(=O)N[C@H](Cc3ccc4ccccc4c3)C(=O)N[C@@H](CO)C(=O)N[C@@H](CC(N)=O)C(=O)N[C@H](Cc3ccc4ccccc4c3)C(=O)N[C@@H](c3ccccc3)C(=O)N2)C(=O)NC[C@@H](C(=O)N[C@@H](CCN)CC(=O)N[C@H](CCCNC(=N)N)C(=O)N[C@@H](Cc2ccc(F)cc2)C(N)=O)NC(=O)[C@H](CCCNC(=N)N)NC(=O)[C@@H](CCCNC(=N)N)NC1=O,6.259637310505756
CHEMBL4876249,700.0,nM,C[C@@H]1NC(=O)[C@@H](Cc2ccccc2)NC(=O)[C@@H]2CCCCNC(=O)c3cc(cc(c3)C(=O)N[C@H](Cc3ccc4ccccc4c3)C(=O)N[C@@H](CO)C(=O)N[C@@H](CC(N)=O)C(=O)N[C@H](Cc3ccc4ccccc4c3)C(=O)N[C@@H](c3ccccc3)C(=O)N2)C(=O)NC[C@@H](C(=O)N[C@@H](CCN)CC(=O)N[C@H](CCCNC(=N)N)C(N)=O)NC(=O)[C@H](CCCNC(=N)N)NC(=O)[C@@H](CCCNC(=N)N)NC1=O,6.154901959985743
CHEMBL4859318,1300.0,nM,C[C@@H]1NC(=O)[C@@H](Cc2ccccc2)NC(=O)[C@@H]2CCCCNC(=O)c3cc(cc(c3)C(=O)N[C@H](Cc3ccc4ccccc4c3)C(=O)N[C@@H](CO)C(=O)N[C@@H](CC(N)=O)C(=O)N[C@H](Cc3ccc4ccccc4c3)C(=O)N[C@@H](c3ccccc3)C(=O)N2)C(=O)NC[C@@H](C(=O)N[C@@H](CCCN)C(N)=O)NC(=O)[C@H](CCCNC(=N)N)NC(=O)[C@@H](CCCNC(=N)N)NC1=O,5.886056647693163
CHEMBL4856294,510.0,nM,C[C@@H]1NC(=O)[C@@H](Cc2ccccc2)NC(=O)[C@@H]2CCCCNC(=O)c3cc(cc(c3)C(=O)N[C@H](Cc3ccc4ccccc4c3)C(=O)N[C@@H](CO)C(=O)N[C@@H](CC(N)=O)C(=O)N[C@H](Cc3ccc4ccccc4c3)C(=O)N[C@@H](c3ccccc3)C(=O)N2)C(=O)NC[C@@H](C(=O)N[C@@H](CCN)CC(=O)N[C@H](CCCNC(=N)N)C(=O)N[C@@H](Cc2ccccc2)C(=O)N[C@H](C)C(N)=O)NC(=O)[C@H](CCCNC(=N)N)NC(=O)[C@@H](CCCNC(=N)N)NC1=O,6.292429823902063
CHEMBL4867656,1100.0,nM,C[C@@H]1NC(=O)[C@@H](Cc2ccccc2)NC(=O)[C@@H]2CCCCNC(=O)c3cc(cc(c3)C(=O)N[C@H](Cc3ccc4ccccc4c3)C(=O)N[C@@H](CO)C(=O)N[C@@H](CC(N)=O)C(=O)N[C@H](Cc3ccc4ccccc4c3)C(=O)N[C@@H](c3ccccc3)C(=O)N2)C(=O)NC[C@@H](C(=O)N[C@@H](CCN)CC(=O)N[C@H](CCCNC(=N)N)C(=O)N[C@@H](Cc2ccc(O)cc2)C(=O)N[C@H](C)C(N)=O)NC(=O)[C@H](CCCNC(=N)N)NC(=O)[C@@H](CCCNC(=N)N)NC1=O,5.958607314841775
CHEMBL4847834,1000.0,nM,C[C@@H]1NC(=O)[C@@H](Cc2ccccc2)NC(=O)[C@@H]2CCCCNC(=O)c3cc(cc(c3)C(=O)N[C@H](Cc3ccc4ccccc4c3)C(=O)N[C@@H](CO)C(=O)N[C@@H](CC(N)=O)C(=O)N[C@H](Cc3ccc4ccccc4c3)C(=O)N[C@@H](c3ccccc3)C(=O)N2)C(=O)NC[C@@H](C(=O)N[C@@H](CCCN)C(=O)N[C@H](CCCNC(=N)N)C(=O)N[C@@H](CCCNC(=N)N)C(=O)N[C@H](C)C(N)=O)NC(=O)[C@H](CCCNC(=N)N)NC(=O)[C@@H](CCCNC(=N)N)NC1=O,6.0
CHEMBL4872610,700.0,nM,C[C@@H]1NC(=O)[C@@H](Cc2ccccc2)NC(=O)[C@@H]2CCCCNC(=O)c3cc(cc(c3)C(=O)N[C@H](Cc3ccc4ccccc4c3)C(=O)N[C@@H](CO)C(=O)N[C@@H](CC(N)=O)C(=O)N[C@H](Cc3ccc4ccccc4c3)C(=O)N[C@@H](c3ccccc3)C(=O)N2)C(=O)NC[C@@H](C(=O)N[C@@H](CCCN)C(=O)N[C@H](CCCNC(=N)N)C(=O)N[C@H](CCCNC(=N)N)C(=O)N[C@H](C)C(N)=O)NC(=O)[C@H](CCCNC(=N)N)NC(=O)[C@@H](CCCNC(=N)N)NC1=O,6.154901959985743
CHEMBL4851141,770.0,nM,C[C@@H]1NC(=O)[C@@H](Cc2ccccc2)NC(=O)[C@@H]2CCCCNC(=O)c3cc(cc(c3)C(=O)N[C@H](Cc3ccc4ccccc4c3)C(=O)N[C@@H](CO)C(=O)N[C@@H](CC(N)=O)C(=O)N[C@H](Cc3ccc4ccccc4c3)C(=O)N[C@@H](c3ccccc3)C(=O)N2)C(=O)NC[C@@H](C(=O)N[C@@H](CCCN)C(=O)N[C@H](CCCNC(=N)N)C(=O)N[C@@H](CCc2ccccc2)C(=O)N[C@H](C)C(N)=O)NC(=O)[C@H](CCCNC(=N)N)NC(=O)[C@@H](CCCNC(=N)N)NC1=O,6.113509274827518
CHEMBL4847772,2200.0,nM,C[C@@H]1NC(=O)[C@@H](Cc2ccccc2)NC(=O)[C@@H]2CCCCNC(=O)c3cc(cc(c3)C(=O)N[C@H](Cc3ccc4ccccc4c3)C(=O)N[C@@H](CO)C(=O)N[C@@H](CC(N)=O)C(=O)N[C@H](Cc3ccc4ccccc4c3)C(=O)N[C@@H](c3ccccc3)C(=O)N2)C(=O)NC[C@@H](C(=O)N[C@@H](CCCN)C(=O)N[C@H](CCCNC(=N)N)C(=O)N[C@@H](Cc2c[nH]c3ccccc23)C(=O)N[C@H](C)C(N)=O)NC(=O)[C@H](CCCNC(=N)N)NC(=O)[C@@H](CCCNC(=N)N)NC1=O,5.657577319177793
CHEMBL4877546,940.0,nM,C[C@@H]1NC(=O)[C@@H](Cc2ccccc2)NC(=O)[C@@H]2CCCCNC(=O)c3cc(cc(c3)C(=O)N[C@H](Cc3ccc4ccccc4c3)C(=O)N[C@@H](CO)C(=O)N[C@@H](CC(N)=O)C(=O)N[C@H](Cc3ccc4ccccc4c3)C(=O)N[C@@H](c3ccccc3)C(=O)N2)C(=O)NC[C@@H](C(=O)N[C@@H](CCCN)C(=O)N[C@H](CCCNC(=N)N)C(=O)N[C@@H](CC2CCCCC2)C(=O)N[C@H](C)C(N)=O)NC(=O)[C@H](CCCNC(=N)N)NC(=O)[C@@H](CCCNC(=N)N)NC1=O,6.026872146400302
CHEMBL4870215,760.0,nM,C[C@@H]1NC(=O)[C@@H](Cc2ccccc2)NC(=O)[C@@H]2CCCCNC(=O)c3cc(cc(c3)C(=O)N[C@H](Cc3ccc4ccccc4c3)C(=O)N[C@@H](CO)C(=O)N[C@@H](CC(N)=O)C(=O)N[C@H](Cc3ccc4ccccc4c3)C(=O)N[C@@H](c3ccccc3)C(=O)N2)C(=O)NC[C@@H](C(=O)N[C@@H](CCCN)C(=O)N[C@H](CCCNC(=N)N)C(=O)N[C@H](C(=O)N[C@H](C)C(N)=O)c2ccccc2)NC(=O)[C@H](CCCNC(=N)N)NC(=O)[C@@H](CCCNC(=N)N)NC1=O,6.119186407719209
CHEMBL4870167,500.0,nM,C[C@@H]1NC(=O)[C@@H](Cc2ccccc2)NC(=O)[C@@H]2CCCCNC(=O)c3cc(cc(c3)C(=O)N[C@H](Cc3ccc4ccccc4c3)C(=O)N[C@@H](CO)C(=O)N[C@@H](CC(N)=O)C(=O)N[C@H](Cc3ccc4ccccc4c3)C(=O)N[C@@H](c3ccccc3)C(=O)N2)C(=O)NC[C@@H](C(=O)N[C@@H](CC(N)=O)C(=O)N[C@H](CCCNC(=N)N)C(=O)N[C@@H](Cc2ccc(F)c(F)c2)C(=O)N[C@H](C)C(N)=O)NC(=O)[C@H](CCCNC(=N)N)NC(=O)[C@@H](CCCNC(=N)N)NC1=O,6.301029995663981
CHEMBL4874865,330.0,nM,C[C@@H]1NC(=O)[C@@H](Cc2ccccc2)NC(=O)[C@@H]2CCCCNC(=O)c3cc(cc(c3)C(=O)N[C@H](Cc3ccc4ccccc4c3)C(=O)N[C@@H](CO)C(=O)N[C@@H](CC(N)=O)C(=O)N[C@H](Cc3ccc4ccccc4c3)C(=O)N[C@@H](c3ccccc3)C(=O)N2)C(=O)NC[C@@H](C(=O)N[C@@H](CC(N)=O)C(=O)N[C@H](CCCNC(=N)N)C(=O)N[C@@H](Cc2cccc(Cl)c2)C(=O)N[C@H](C)C(N)=O)NC(=O)[C@H](CCCNC(=N)N)NC(=O)[C@@H](CCCNC(=N)N)NC1=O,6.481486060122113
CHEMBL4860310,410.0,nM,C[C@@H]1NC(=O)[C@@H](Cc2ccccc2)NC(=O)[C@@H]2CCCCNC(=O)c3cc(cc(c3)C(=O)N[C@H](Cc3ccc4ccccc4c3)C(=O)N[C@@H](CO)C(=O)N[C@@H](CC(N)=O)C(=O)N[C@H](Cc3ccc4ccccc4c3)C(=O)N[C@@H](c3ccccc3)C(=O)N2)C(=O)NC[C@@H](C(=O)N[C@@H](CC(N)=O)C(=O)N[C@H](CCCNC(=N)N)C(=O)N[C@@H](Cc2cccnc2)C(=O)N[C@H](C)C(N)=O)NC(=O)[C@H](CCCNC(=N)N)NC(=O)[C@@H](CCCNC(=N)N)NC1=O,6.3872161432802645
CHEMBL4871622,1100.0,nM,C[C@@H]1NC(=O)[C@@H](Cc2ccccc2)NC(=O)[C@@H]2CCCCNC(=O)c3cc(cc(c3)C(=O)N[C@H](Cc3ccc4ccccc4c3)C(=O)N[C@@H](CO)C(=O)N[C@@H](CC(N)=O)C(=O)N[C@H](Cc3ccc4ccccc4c3)C(=O)N[C@@H](c3ccccc3)C(=O)N2)C(=O)NC[C@@H](C(=O)N[C@@H](CCCCN)C(=O)N[C@H](CCCNC(=N)N)C(=O)N[C@@H](Cc2ccc(F)cc2)C(=O)N[C@H](C)C(N)=O)NC(=O)[C@H](CCCNC(=N)N)NC(=O)[C@@H](CCCNC(=N)N)NC1=O,5.958607314841775
CHEMBL4857968,1700.0,nM,C[C@@H]1NC(=O)[C@@H](Cc2ccccc2)NC(=O)[C@@H]2CCCCNC(=O)c3cc(cc(c3)C(=O)N[C@H](Cc3ccc4ccccc4c3)C(=O)N[C@@H](CO)C(=O)N[C@@H](CC(N)=O)C(=O)N[C@H](Cc3ccc4ccccc4c3)C(=O)N[C@@H](c3ccccc3)C(=O)N2)C(=O)NC[C@@H](C(=O)N[C@@H](CN)C(=O)N[C@H](CCCNC(=N)N)C(=O)N[C@@H](Cc2ccc(F)cc2)C(=O)N[C@H](C)C(N)=O)NC(=O)[C@H](CCCNC(=N)N)NC(=O)[C@@H](CCCNC(=N)N)NC1=O,5.769551078621726
CHEMBL4852356,870.0,nM,C[C@@H]1NC(=O)[C@@H](Cc2ccccc2)NC(=O)[C@@H]2CCCCNC(=O)c3cc(cc(c3)C(=O)N[C@H](Cc3ccc4ccccc4c3)C(=O)N[C@@H](CO)C(=O)N[C@@H](CC(N)=O)C(=O)N[C@H](Cc3ccc4ccccc4c3)C(=O)N[C@@H](c3ccccc3)C(=O)N2)C(=O)NC[C@@H](C(=O)N[C@@H](CCN)C(=O)N[C@H](CCCNC(=N)N)C(=O)N[C@@H](Cc2ccccc2)C(=O)N[C@H](C)C(N)=O)NC(=O)[C@H](CCCNC(=N)N)NC(=O)[C@@H](CCCNC(=N)N)NC1=O,6.060480747381382
CHEMBL4860021,280.0,nM,C[C@@H]1NC(=O)[C@@H](Cc2ccccc2)NC(=O)[C@@H]2CCCCNC(=O)c3cc(cc(c3)C(=O)N[C@H](Cc3ccc4ccccc4c3)C(=O)N[C@@H](CO)C(=O)N[C@@H](CC(N)=O)C(=O)N[C@H](Cc3ccc4ccccc4c3)C(=O)N[C@@H](c3ccccc3)C(=O)N2)C(=O)NC[C@@H](C(=O)N[C@@H](CC(N)=O)C(=O)N[C@H](CCCNC(=N)N)C(=O)N[C@@H](Cc2ccccc2)C(=O)N[C@H](C)C(N)=O)NC(=O)[C@H](CCCNC(=N)N)NC(=O)[C@@H](CCCNC(=N)N)NC1=O,6.552841968657781
CHEMBL4849298,230.0,nM,C[C@@H]1NC(=O)[C@@H](Cc2ccccc2)NC(=O)[C@@H]2CCCCNC(=O)c3cc(cc(c3)C(=O)N[C@H](Cc3ccc4ccccc4c3)C(=O)N[C@@H](CO)C(=O)N[C@@H](CC(N)=O)C(=O)N[C@H](Cc3ccc4ccccc4c3)C(=O)N[C@@H](c3ccccc3)C(=O)N2)C(=O)NC[C@@H](C(=O)N[C@@H](CCC(N)=O)C(=O)N[C@H](CCCNC(=N)N)C(=O)N[C@@H](Cc2ccccc2)C(=O)N[C@H](C)C(N)=O)NC(=O)[C@H](CCCNC(=N)N)NC(=O)[C@@H](CCCNC(=N)N)NC1=O,6.638272163982407
CHEMBL4845665,650.0,nM,C[C@@H]1NC(=O)[C@@H](Cc2ccccc2)NC(=O)[C@@H]2CCCCNC(=O)c3cc(cc(c3)C(=O)N[C@H](Cc3ccc4ccccc4c3)C(=O)N[C@@H](CO)C(=O)N[C@@H](CC(N)=O)C(=O)N[C@H](Cc3ccc4ccccc4c3)C(=O)N[C@@H](c3ccccc3)C(=O)N2)C(=O)NC[C@@H](C(=O)N[C@@H](CCCN)C(=O)N[C@H](CCCNC(=N)N)C(=O)N[C@@H](Cc2ccccc2)C(=O)N[C@H](C)C(N)=O)NC(=O)[C@H](CCCNC(=N)N)NC(=O)[C@@H](CCCNC(=N)N)NC1=O,6.187086643357144
CHEMBL4869131,520.0,nM,C[C@@H](NC(=O)[C@H](Cc1ccccc1)NC(=O)[C@@H](CCCNC(=N)N)NC(=O)[C@H](CCCN)NC(=O)[C@@H]1CNC(=O)c2cc3cc(c2)C(=O)N[C@H](Cc2ccc4ccccc4c2)C(=O)N[C@@H](CO)C(=O)N[C@@H](CC(N)=O)C(=O)N[C@H](Cc2ccc4ccccc4c2)C(=O)N[C@@H](c2ccccc2)C(=O)N[C@@H](CCCCNC3=O)C(=O)N[C@@H](Cc2ccccc2)C(=O)N[C@H](C)C(=O)N[C@H](CCCNC(=N)N)C(=O)N[C@@H](CCCNC(=N)N)C(=O)N1)C(N)=O,6.2839966563652006
CHEMBL4852857,610.0,nM,CC[C@H]1NC(=O)[C@@H](Cc2ccccc2)NC(=O)[C@@H]2CCCCNC(=O)c3cc(cc(c3)C(=O)N[C@H](Cc3ccc4ccccc4c3)C(=O)N[C@@H](CO)C(=O)N[C@@H](CC(N)=O)C(=O)N[C@H](Cc3ccc4ccccc4c3)C(=O)N[C@@H](c3ccccc3)C(=O)N2)C(=O)NC[C@@H](C(=O)N[C@@H](CCCN)C(=O)N[C@H](CCCNC(=N)N)C(=O)N[C@@H](Cc2ccccc2)C(=O)N[C@H](C)C(N)=O)NC(=O)[C@H](CCCNC(=N)N)NC(=O)[C@@H](CCCNC(=N)N)NC1=O,6.214670164989233
CHEMBL4862082,790.0,nM,CC(C)C[C@H]1NC(=O)[C@@H](Cc2ccccc2)NC(=O)[C@@H]2CCCCNC(=O)c3cc(cc(c3)C(=O)N[C@H](Cc3ccc4ccccc4c3)C(=O)N[C@@H](CO)C(=O)N[C@@H](CC(N)=O)C(=O)N[C@H](Cc3ccc4ccccc4c3)C(=O)N[C@@H](c3ccccc3)C(=O)N2)C(=O)NC[C@@H](C(=O)N[C@@H](CCCN)C(=O)N[C@H](CCCNC(=N)N)C(=O)N[C@@H](Cc2ccccc2)C(=O)N[C@H](C)C(N)=O)NC(=O)[C@H](CCCNC(=N)N)NC(=O)[C@@H](CCCNC(=N)N)NC1=O,6.102372908709558
CHEMBL4864561,560.0,nM,C[C@@H](NC(=O)[C@H](Cc1ccccc1)NC(=O)[C@@H](CCCNC(=N)N)NC(=O)[C@H](CCCN)NC(=O)[C@@H]1CNC(=O)c2cc3cc(c2)C(=O)N[C@H](Cc2ccc4ccccc4c2)C(=O)N[C@@H](CO)C(=O)N[C@@H](CC(N)=O)C(=O)N[C@H](Cc2ccc4ccccc4c2)C(=O)N[C@@H](c2ccccc2)C(=O)N[C@@H](CCCCNC3=O)C(=O)N[C@H](Cc2ccccc2)C(=O)N[C@H](CO)C(=O)N[C@H](CCCNC(=N)N)C(=O)N[C@@H](CCCNC(=N)N)C(=O)N1)C(N)=O,6.251811972993799
CHEMBL4847131,1000.0,nM,C[C@@H](NC(=O)[C@H](Cc1ccccc1)NC(=O)[C@@H](CCCNC(=N)N)NC(=O)[C@H](CCCN)NC(=O)[C@@H]1CNC(=O)c2cc3cc(c2)C(=O)N[C@H](Cc2ccc4ccccc4c2)C(=O)N[C@@H](CO)C(=O)N[C@@H](CC(N)=O)C(=O)N[C@H](Cc2ccc4ccccc4c2)C(=O)N[C@@H](c2ccccc2)C(=O)N[C@@H](CCCCNC3=O)C(=O)N[C@H](Cc2ccccc2)C(=O)N[C@H](Cc2cnc[nH]2)C(=O)N[C@H](CCCNC(=N)N)C(=O)N[C@@H](CCCNC(=N)N)C(=O)N1)C(N)=O,6.0
CHEMBL4860356,1200.0,nM,C[C@@H](NC(=O)[C@H](Cc1ccccc1)NC(=O)[C@@H](CCCNC(=N)N)NC(=O)[C@H](CCCN)NC(=O)[C@@H]1CNC(=O)c2cc3cc(c2)C(=O)N[C@H](Cc2ccc4ccccc4c2)C(=O)N[C@@H](CO)C(=O)N[C@@H](CC(N)=O)C(=O)N[C@H](Cc2ccc4ccccc4c2)C(=O)N[C@@H](c2ccccc2)C(=O)N[C@@H](CCCCNC3=O)C(=O)N[C@H](Cc2ccccc2)C(=O)N[C@H](CC(N)=O)C(=O)N[C@H](CCCNC(=N)N)C(=O)N[C@@H](CCCNC(=N)N)C(=O)N1)C(N)=O,5.920818753952375
CHEMBL4864250,830.0,nM,C[C@@H](NC(=O)[C@H](Cc1ccccc1)NC(=O)[C@@H](CCCNC(=N)N)NC(=O)[C@H](CCCN)NC(=O)[C@@H]1CNC(=O)c2cc3cc(c2)C(=O)N[C@H](Cc2ccc4ccccc4c2)C(=O)N[C@@H](CO)C(=O)N[C@@H](CC(N)=O)C(=O)N[C@H](Cc2ccc4ccccc4c2)C(=O)N[C@@H](c2ccccc2)C(=O)N[C@@H](CCCCNC3=O)C(=O)N[C@H](Cc2ccccc2)C(=O)N[C@H](CCCN)C(=O)N[C@H](CCCNC(=N)N)C(=O)N[C@@H](CCCNC(=N)N)C(=O)N1)C(N)=O,6.080921907623926
CHEMBL4869496,640.0,nM,C[C@@H](NC(=O)[C@H](Cc1ccccc1)NC(=O)[C@@H](CCCNC(=N)N)NC(=O)[C@H](CCCN)NC(=O)[C@@H]1CNC(=O)c2cc3cc(c2)C(=O)N[C@H](Cc2ccc4ccccc4c2)C(=O)N[C@@H](CO)C(=O)N[C@@H](CC(N)=O)C(=O)N[C@H](Cc2csc4ccccc24)C(=O)N[C@@H](c2ccccc2)C(=O)N[C@@H](CCCCNC3=O)C(=O)N[C@H](Cc2ccccc2)C(=O)N[C@H](CCC(N)=O)C(=O)N[C@H](CCCNC(=N)N)C(=O)N[C@@H](CCCNC(=N)N)C(=O)N1)C(N)=O,6.1938200260161125
CHEMBL4872844,710.0,nM,C[C@@H]1NC(=O)[C@H](CO)NC(=O)[C@@H](Cc2ccc3ccccc3c2)NC(=O)c2cc3cc(c2)C(=O)NC[C@@H](C(=O)N[C@@H](CCCN)C(=O)N[C@H](CCCNC(=N)N)C(=O)N[C@@H](Cc2ccccc2)C(=O)N[C@H](C)C(N)=O)NC(=O)[C@H](CCCNC(=N)N)NC(=O)[C@@H](CCCNC(=N)N)NC(=O)[C@@H](CCC(N)=O)NC(=O)[C@@H](Cc2ccccc2)NC(=O)[C@H](CCCCNC3=O)NC(=O)[C@H](c2ccccc2)NC(=O)[C@@H](Cc2ccc3ccccc3c2)NC1=O,6.1487416512809245
CHEMBL4869530,860.0,nM,C[C@@H](NC(=O)[C@H](Cc1ccccc1)NC(=O)[C@@H](CCCNC(=N)N)NC(=O)[C@H](CCCN)NC(=O)[C@@H]1CNC(=O)c2cc3cc(c2)C(=O)N[C@H](Cc2ccc4ccccc4c2)C(=O)N[C@@H](CO)C(=O)N[C@@H](CO)C(=O)N[C@H](Cc2ccc4ccccc4c2)C(=O)N[C@@H](c2ccccc2)C(=O)N[C@@H](CCCCNC3=O)C(=O)N[C@H](Cc2ccccc2)C(=O)N[C@H](CCC(N)=O)C(=O)N[C@H](CCCNC(=N)N)C(=O)N[C@@H](CCCNC(=N)N)C(=O)N1)C(N)=O,6.0655015487564325
CHEMBL4876688,1300.0,nM,C[C@@H](NC(=O)[C@H](Cc1ccccc1)NC(=O)[C@@H](CCCNC(=N)N)NC(=O)[C@H](CCCN)NC(=O)[C@@H]1CNC(=O)c2cc3cc(c2)C(=O)N[C@H](Cc2ccc4ccccc4c2)C(=O)N[C@@H](CC(N)=O)C(=O)N[C@@H](CC(N)=O)C(=O)N[C@H](Cc2ccc4ccccc4c2)C(=O)N[C@@H](c2ccccc2)C(=O)N[C@@H](CCCCNC3=O)C(=O)N[C@H](Cc2ccccc2)C(=O)N[C@H](CCC(N)=O)C(=O)N[C@H](CCCNC(=N)N)C(=O)N[C@@H](CCCNC(=N)N)C(=O)N1)C(N)=O,5.886056647693163
CHEMBL4862260,1200.0,nM,C[C@@H](NC(=O)[C@H](Cc1ccccc1)NC(=O)[C@@H](CCCNC(=N)N)NC(=O)[C@H](CCCN)NC(=O)[C@@H]1CNC(=O)c2cc3cc(c2)C(=O)N[C@H](Cc2ccc4ccccc4c2)C(=O)N[C@@H](C[C@H](N)O)C(=O)N[C@@H](CC(N)=O)C(=O)N[C@H](Cc2ccc4ccccc4c2)C(=O)N[C@@H](c2ccccc2)C(=O)N[C@@H](CCCCNC3=O)C(=O)N[C@H](Cc2ccccc2)C(=O)N[C@H](CCC(N)=O)C(=O)N[C@H](CCCNC(=N)N)C(=O)N[C@@H](CCCNC(=N)N)C(=O)N1)C(N)=O,5.920818753952375
CHEMBL4848941,1000.0,nM,C[C@@H](NC(=O)[C@H](Cc1ccccc1)NC(=O)[C@@H](CCCNC(=N)N)NC(=O)[C@H](CCCN)NC(=O)[C@@H]1CNC(=O)c2cc3cc(c2)C(=O)N[C@H](Cc2ccc4ccccc4c2)C(=O)N[C@@H](CCO)C(=O)N[C@@H](CC(N)=O)C(=O)N[C@H](Cc2ccc4ccccc4c2)C(=O)N[C@@H](c2ccccc2)C(=O)N[C@@H](CCCCNC3=O)C(=O)N[C@H](Cc2ccccc2)C(=O)N[C@H](CCC(N)=O)C(=O)N[C@H](CCCNC(=N)N)C(=O)N[C@@H](CCCNC(=N)N)C(=O)N1)C(N)=O,6.0
CHEMBL4874466,750.0,nM,C[C@@H](NC(=O)[C@H](Cc1ccccc1)NC(=O)[C@@H](CCCNC(=N)N)NC(=O)[C@H](CCCN)NC(=O)[C@@H]1CNC(=O)c2cc3cc(c2)C(=O)N[C@H](Cc2csc4ccccc24)C(=O)N[C@@H](CO)C(=O)N[C@@H](CC(N)=O)C(=O)N[C@H](Cc2ccc4ccccc4c2)C(=O)N[C@@H](c2ccccc2)C(=O)N[C@@H](CCCCNC3=O)C(=O)N[C@H](Cc2ccccc2)C(=O)N[C@H](CCC(N)=O)C(=O)N[C@H](CCCNC(=N)N)C(=O)N[C@@H](CCCNC(=N)N)C(=O)N1)C(N)=O,6.1249387366083
CHEMBL4850331,550.0,nM,C[C@@H](NC(=O)[C@H](Cc1ccccc1)NC(=O)[C@@H](CCCNC(=N)N)NC(=O)[C@H](CCCN)NC(=O)[C@@H]1CNC(=O)c2cc3cc(c2)C(=O)N[C@H](Cc2ccc4ccccc4c2)C(=O)N[C@@H](CO)C(=O)N[C@@H](CC(N)=O)C(=O)N[C@H](Cc2ccc4ccccc4c2)C(=O)N[C@@H](c2ccccc2)C(=O)N[C@@H](CCCCNC3=O)C(=O)N[C@H](Cc2ccc(F)cc2)C(=O)N[C@H](CCC(N)=O)C(=O)N[C@H](CCCNC(=N)N)C(=O)N[C@@H](CCCNC(=N)N)C(=O)N1)C(N)=O,6.259637310505756
CHEMBL4879058,710.0,nM,C[C@@H](NC(=O)[C@H](Cc1ccccc1)NC(=O)[C@@H](CCCNC(=N)N)NC(=O)[C@H](CCCN)NC(=O)[C@@H]1CNC(=O)c2cc3cc(c2)C(=O)N[C@H](Cc2ccc4ccccc4c2)C(=O)N[C@@H](CO)C(=O)N[C@@H](CC(N)=O)C(=O)N[C@H](Cc2ccc4ccccc4c2)C(=O)N[C@@H](c2ccccc2)C(=O)N[C@@H](CCCCNC3=O)C(=O)N[C@H](Cc2cccc(Cl)c2)C(=O)N[C@H](CCC(N)=O)C(=O)N[C@H](CCCNC(=N)N)C(=O)N[C@@H](CCCNC(=N)N)C(=O)N1)C(N)=O,6.1487416512809245
CHEMBL4849460,560.0,nM,C[C@@H](NC(=O)[C@H](Cc1ccccc1)NC(=O)[C@@H](CCCNC(=N)N)NC(=O)[C@H](CCCN)NC(=O)[C@@H]1CNC(=O)c2cc3cc(c2)C(=O)N[C@H](Cc2ccc4ccccc4c2)C(=O)N[C@@H](CO)C(=O)N[C@@H](CC(N)=O)C(=O)N[C@H](Cc2ccc4ccccc4c2)C(=O)N[C@@H](c2ccccc2)C(=O)N[C@@H](CCCCNC3=O)C(=O)N[C@@H](Cc2ccccc2)C(=O)N[C@H](CCC(N)=O)C(=O)N[C@H](CCCNC(=N)N)C(=O)N[C@@H](CCCNC(=N)N)C(=O)N1)C(N)=O,6.251811972993799
CHEMBL4859210,710.0,nM,C[C@H](NC(=O)C[C@H](Cc1ccccc1)NC(=O)[C@@H](CCCNC(=N)N)NC(=O)[C@H](CCCN)NC(=O)[C@@H]1CNC(=O)c2cc3cc(c2)C(=O)N[C@H](Cc2ccc4ccccc4c2)C(=O)N[C@@H](CO)C(=O)N[C@@H](CC(N)=O)C(=O)N[C@H](Cc2ccc4ccccc4c2)C(=O)N[C@@H](c2ccccc2)C(=O)N[C@@H](CCCCNC3=O)C(=O)N[C@H](Cc2ccccc2)C(=O)N[C@H](CCC(N)=O)C(=O)N[C@H](CCCNC(=N)N)C(=O)N[C@@H](CCCNC(=N)N)C(=O)N1)C(N)=O,6.1487416512809245
CHEMBL4872691,610.0,nM,CC(C)[C@H](NC(=O)[C@H](Cc1ccccc1)NC(=O)[C@@H](CCCNC(=N)N)NC(=O)[C@H](CCCN)NC(=O)[C@@H]1CNC(=O)c2cc3cc(c2)C(=O)N[C@H](Cc2ccc4ccccc4c2)C(=O)N[C@@H](CO)C(=O)N[C@@H](CC(N)=O)C(=O)N[C@H](Cc2ccc4ccccc4c2)C(=O)N[C@@H](c2ccccc2)C(=O)N[C@@H](CCCCNC3=O)C(=O)N[C@H](Cc2ccccc2)C(=O)N[C@H](CCC(N)=O)C(=O)N[C@H](CCCNC(=N)N)C(=O)N[C@@H](CCCNC(=N)N)C(=O)N1)C(N)=O,6.214670164989233
CHEMBL4854699,570.0,nM,C[C@@H](O)[C@H](NC(=O)[C@H](Cc1ccccc1)NC(=O)[C@@H](CCCNC(=N)N)NC(=O)[C@H](CCCN)NC(=O)[C@@H]1CNC(=O)c2cc3cc(c2)C(=O)N[C@H](Cc2ccc4ccccc4c2)C(=O)N[C@@H](CO)C(=O)N[C@@H](CC(N)=O)C(=O)N[C@H](Cc2ccc4ccccc4c2)C(=O)N[C@@H](c2ccccc2)C(=O)N[C@@H](CCCCNC3=O)C(=O)N[C@H](Cc2ccccc2)C(=O)N[C@H](CCC(N)=O)C(=O)N[C@H](CCCNC(=N)N)C(=O)N[C@@H](CCCNC(=N)N)C(=O)N1)C(N)=O,6.2441251443275085
CHEMBL4852330,750.0,nM,N=C(N)NCCC[C@@H]1NC(=O)[C@@H](CCCNC(=N)N)NC(=O)[C@@H](CCC(N)=O)NC(=O)[C@@H](Cc2ccccc2)NC(=O)[C@@H]2CCCCNC(=O)c3cc(cc(c3)C(=O)N[C@H](Cc3ccc4ccccc4c3)C(=O)N[C@@H](CO)C(=O)N[C@@H](CC(N)=O)C(=O)N[C@H](Cc3ccc4ccccc4c3)C(=O)N[C@@H](c3ccccc3)C(=O)N2)C(=O)NC[C@@H](C(=O)N[C@@H](CCCN)C(=O)N[C@H](CCCNC(=N)N)C(=O)N[C@@H](Cc2ccccc2)C(=O)N[C@H](CO)C(N)=O)NC1=O,6.1249387366083
CHEMBL4869701,2200.0,nM,N=C(N)NCCC[C@@H]1NC(=O)[C@@H](CCCNC(=N)N)NC(=O)[C@@H](CCC(N)=O)NC(=O)[C@@H](Cc2ccccc2)NC(=O)[C@@H]2CCCCNC(=O)c3cc(cc(c3)C(=O)N[C@H](Cc3ccc4ccccc4c3)C(=O)N[C@@H](CO)C(=O)N[C@@H](CC(N)=O)C(=O)N[C@H](Cc3ccc4ccccc4c3)C(=O)N[C@@H](c3ccccc3)C(=O)N2)C(=O)NC[C@@H](C(=O)N[C@@H](CCCN)C(=O)N[C@H](CCCNC(=N)N)C(=O)N[C@@H](Cc2ccccc2)C(=O)N[C@H](CC(N)=O)C(N)=O)NC1=O,5.657577319177793
CHEMBL4860763,1100.0,nM,N=C(N)NCCC[C@@H]1NC(=O)[C@@H](CCCNC(=N)N)NC(=O)[C@@H](CCC(N)=O)NC(=O)[C@@H](Cc2ccccc2)NC(=O)[C@@H]2CCCCNC(=O)c3cc(cc(c3)C(=O)N[C@H](Cc3ccc4ccccc4c3)C(=O)N[C@@H](CO)C(=O)N[C@@H](CC(N)=O)C(=O)N[C@H](Cc3ccc4ccccc4c3)C(=O)N[C@@H](c3ccccc3)C(=O)N2)C(=O)NC[C@@H](C(=O)N[C@@H](CCCN)C(=O)N[C@H](CCCNC(=N)N)C(=O)N[C@@H](Cc2ccccc2)C(=O)NCCC(N)=O)NC1=O,5.958607314841775
CHEMBL4851139,3000.0,nM,C[C@@H](NC(=O)[C@H](Cc1ccccc1)NC(=O)[C@@H](CCCNC(=N)N)NC(=O)[C@H](CCCN)NC(=O)[C@@H]1CNC(=O)c2cc3cc(c2)C(=O)N[C@H](Cc2ccc4ccccc4c2)C(=O)N[C@@H](CO)C(=O)N[C@@H](CC(N)=O)C(=O)N[C@H](Cc2ccc4ccccc4c2)C(=O)N[C@@H](c2ccccc2)C(=O)N[C@@H](CCCCNC3=O)C(=O)N[C@H](Cc2ccccc2)C(=O)N[C@@H](CCC(N)=O)C(=O)N[C@H](CCCNC(=N)N)C(=O)N[C@@H](CCCNC(=N)N)C(=O)N1)C(N)=O,5.522878745280337
CHEMBL4851139,3000.0,nM,C[C@@H](NC(=O)[C@H](Cc1ccccc1)NC(=O)[C@@H](CCCNC(=N)N)NC(=O)[C@H](CCCN)NC(=O)[C@@H]1CNC(=O)c2cc3cc(c2)C(=O)N[C@H](Cc2ccc4ccccc4c2)C(=O)N[C@@H](CO)C(=O)N[C@@H](CC(N)=O)C(=O)N[C@H](Cc2ccc4ccccc4c2)C(=O)N[C@@H](c2ccccc2)C(=O)N[C@@H](CCCCNC3=O)C(=O)N[C@H](Cc2ccccc2)C(=O)N[C@@H](CCC(N)=O)C(=O)N[C@H](CCCNC(=N)N)C(=O)N[C@@H](CCCNC(=N)N)C(=O)N1)C(N)=O,5.522878745280337
CHEMBL4851139,3000.0,nM,C[C@@H](NC(=O)[C@H](Cc1ccccc1)NC(=O)[C@@H](CCCNC(=N)N)NC(=O)[C@H](CCCN)NC(=O)[C@@H]1CNC(=O)c2cc3cc(c2)C(=O)N[C@H](Cc2ccc4ccccc4c2)C(=O)N[C@@H](CO)C(=O)N[C@@H](CC(N)=O)C(=O)N[C@H](Cc2ccc4ccccc4c2)C(=O)N[C@@H](c2ccccc2)C(=O)N[C@@H](CCCCNC3=O)C(=O)N[C@H](Cc2ccccc2)C(=O)N[C@@H](CCC(N)=O)C(=O)N[C@H](CCCNC(=N)N)C(=O)N[C@@H](CCCNC(=N)N)C(=O)N1)C(N)=O,5.522878745280337
CHEMBL4859387,6.66,nM,C=CC(=O)N1CCN(c2c(C#N)c(=O)n(-c3c(C)ccnc3C(C)C)c3nc(-c4c(N)c(Cl)cc(Cl)c4F)c(Cl)cc23)C[C@@H]1CC#N,8.176525770829699
CHEMBL4873282,2.832,nM,C=CC(=O)N1[C@H](C)CN(c2c(C#N)c(=O)n(-c3c(C)ccnc3C(C)C)c3nc(-c4c(N)c(Cl)cc(Cl)c4F)c(Cl)cc23)C[C@@H]1C,8.547906750982268
CHEMBL4870767,2.535,nM,C=CC(=O)N1CCN(c2c(C#N)c(=O)n(-c3c(C)ccnc3C(C)C)c3nc(-c4c(N)c(Cl)cc(Cl)c4F)c(Cl)cc23)C[C@H]1C,8.596022036330645
CHEMBL4859820,1.947,nM,C=CC(=O)N1CCN(c2c(C#N)c(=O)n(-c3c(C)ccnc3C(C)C)c3nc(-c4c(N)c(Cl)cc(Cl)c4F)c(Cl)cc23)CC1,8.71063404847997
CHEMBL4859820,1.542,nM,C=CC(=O)N1CCN(c2c(C#N)c(=O)n(-c3c(C)ccnc3C(C)C)c3nc(-c4c(N)c(Cl)cc(Cl)c4F)c(Cl)cc23)CC1,8.811915626285062
CHEMBL4867102,5.188,nM,C=CC(=O)N1CCN(c2c(C#N)c(=O)n(-c3c(C)ccnc3C(C)C)c3nc(-c4c(N)c(Cl)cc(Cl)c4F)c(Cl)cc23)CC1CC#N,8.285000032587957
CHEMBL4857822,4.737,nM,C=CC(=O)N1CCN(c2c(C#N)c(=O)n(-c3c(C(C)C)ncnc3C(C)C)c3nc(-c4c(N)c(Cl)cc(Cl)c4F)c(Cl)cc23)CC1,8.324496615272043
CHEMBL4876344,4.4,nM,C=CC(=O)N1CCN(c2c(C#N)c(=O)n(-c3c(C)ccnc3C(C)C)c3nc(-c4ccccc4F)c(Cl)cc23)CC1,8.356547323513812
CHEMBL4860030,2.77,nM,C=CC(=O)N1CCN(c2c(C#N)c(=O)n(-c3c(C(C)C)ncnc3C(C)C)c3nc(-c4c(N)cccc4F)c(Cl)cc23)CC1,8.557520230935552
CHEMBL4859387,12.25,nM,C=CC(=O)N1CCN(c2c(C#N)c(=O)n(-c3c(C)ccnc3C(C)C)c3nc(-c4c(N)c(Cl)cc(Cl)c4F)c(Cl)cc23)C[C@@H]1CC#N,7.911863911299449
CHEMBL4873282,38.11,nM,C=CC(=O)N1[C@H](C)CN(c2c(C#N)c(=O)n(-c3c(C)ccnc3C(C)C)c3nc(-c4c(N)c(Cl)cc(Cl)c4F)c(Cl)cc23)C[C@@H]1C,7.418961051227833
CHEMBL4870767,28.8,nM,C=CC(=O)N1CCN(c2c(C#N)c(=O)n(-c3c(C)ccnc3C(C)C)c3nc(-c4c(N)c(Cl)cc(Cl)c4F)c(Cl)cc23)C[C@H]1C,7.540607512240769
CHEMBL4859820,10.36,nM,C=CC(=O)N1CCN(c2c(C#N)c(=O)n(-c3c(C)ccnc3C(C)C)c3nc(-c4c(N)c(Cl)cc(Cl)c4F)c(Cl)cc23)CC1,7.984640244590786
CHEMBL4859820,11.69,nM,C=CC(=O)N1CCN(c2c(C#N)c(=O)n(-c3c(C)ccnc3C(C)C)c3nc(-c4c(N)c(Cl)cc(Cl)c4F)c(Cl)cc23)CC1,7.93218548883816
CHEMBL4867102,14.92,nM,C=CC(=O)N1CCN(c2c(C#N)c(=O)n(-c3c(C)ccnc3C(C)C)c3nc(-c4c(N)c(Cl)cc(Cl)c4F)c(Cl)cc23)CC1CC#N,7.82623117686335
CHEMBL4857822,18.51,nM,C=CC(=O)N1CCN(c2c(C#N)c(=O)n(-c3c(C(C)C)ncnc3C(C)C)c3nc(-c4c(N)c(Cl)cc(Cl)c4F)c(Cl)cc23)CC1,7.732593581247096
CHEMBL4876344,29.9,nM,C=CC(=O)N1CCN(c2c(C#N)c(=O)n(-c3c(C)ccnc3C(C)C)c3nc(-c4ccccc4F)c(Cl)cc23)CC1,7.52432881167557
CHEMBL4860030,20.1,nM,C=CC(=O)N1CCN(c2c(C#N)c(=O)n(-c3c(C(C)C)ncnc3C(C)C)c3nc(-c4c(N)cccc4F)c(Cl)cc23)CC1,7.696803942579511
CHEMBL4859236,0.4,nM,Oc1cc(-c2ncc3c(N4CC5CCC(C4)N5)nc(OCC45CCCN4CCC5)nc3c2F)c2c(Cl)cccc2c1,9.397940008672037
CHEMBL4863339,0.3,nM,C#Cc1cccc2cc(O)cc(-c3ncc4c(N5CC6CCC(C5)N6)nc(OCC56CCCN5CCC6)nc4c3F)c12,9.522878745280337
CHEMBL4867851,0.6,nM,C#Cc1c(F)ccc2cc(O)cc(-c3ncc4c(N5CC6CCC(C5)N6)nc(OCC56CCCN5CCC6)nc4c3F)c12,9.221848749616356
CHEMBL4876040,0.4,nM,C#Cc1cccc2cc(O)cc(-c3ncc4c(N5CC6CCC(C5)N6)nc(OC[C@@]56CCCN5C[C@H](F)C6)nc4c3F)c12,9.397940008672037
CHEMBL4857719,0.5,nM,Oc1cc(-c2ncc3c(N4CC5CCC(C4)N5)nc(OCC45CCCN4CCC5)nc3c2F)c2c(Cl)c(F)ccc2c1,9.301029995663981
CHEMBL4874297,0.6,nM,Oc1cc(-c2ncc3c(N4CC5CCC(C4)N5)nc(OC[C@@]45CCCN4C[C@H](F)C5)nc3c2F)c2c(F)c(F)ccc2c1,9.221848749616356
CHEMBL4857438,0.2,nM,Oc1cc(-c2ncc3c(N4CC5CCC(C4)N5)nc(OC[C@@]45CCCN4C[C@H](F)C5)nc3c2F)c2c(Cl)cccc2c1,9.698970004336019
CHEMBL4858364,0.4,nM,C#Cc1c(F)ccc2cc(O)cc(-c3ncc4c(N5CC6CCC(C5)N6)nc(OC[C@@]56CCCN5C[C@H](F)C6)nc4c3F)c12,9.397940008672037
CHEMBL4863371,0.8,nM,CCc1c(F)ccc2cc(O)cc(-c3ncc4c(N5CC6CCC(C5)N6)nc(OC[C@@]56CCCN5C[C@H](F)C6)nc4c3F)c12,9.096910013008056
CHEMBL4855757,0.1,nM,Oc1cc(-c2ncc3c(N4CC5CCC(C4)N5)nc(OCC45CCCN4C(CF)CC5)nc3c2F)c2ccccc2c1,10.0
CHEMBL4876243,0.6,nM,COC1CN2CCCC2(COc2nc(N3CC4CCC(C3)N4)c3cnc(-c4cc(O)cc5cccc(F)c45)c(F)c3n2)C1,9.221848749616356
CHEMBL4872788,20.1,nM,Fc1c(-c2cccc3c2CC2CC32)ncc2c(N3CC4CCC(C3)N4)nc(OC[C@@]34CCCN3C[C@H](F)C4)nc12,7.696803942579511
CHEMBL5077861,17.0,nM,C=CC(=O)N1CC2(CC(n3nc(-c4ccc5c(cnn5C)c4)c(-c4c(Cl)c(C)cc5[nH]ncc45)c3C)C2)C1,7.769551078621726
CHEMBL5077861,444.0,nM,C=CC(=O)N1CC2(CC(n3nc(-c4ccc5c(cnn5C)c4)c(-c4c(Cl)c(C)cc5[nH]ncc45)c3C)C2)C1,6.35261702988538
CHEMBL5076213,93.0,nM,C=CC(=O)N1CC2(CC(n3nc(-c4ccc(-n5cncn5)cc4)c(-c4c(Cl)c(C)cc5[nH]ncc45)c3C)C2)C1,7.031517051446065
CHEMBL5076213,50000.0,nM,C=CC(=O)N1CC2(CC(n3nc(-c4ccc(-n5cncn5)cc4)c(-c4c(Cl)c(C)cc5[nH]ncc45)c3C)C2)C1,4.301029995663981
CHEMBL5083497,14.0,nM,C=CC(=O)N1CC2(CC(n3nc(-c4ccc5c(cnn5CCN5CC[C@H](F)C5)c4)c(-c4c(Cl)c(C)cc5[nH]ncc45)c3C)C2)C1,7.853871964321762
CHEMBL5083497,50000.0,nM,C=CC(=O)N1CC2(CC(n3nc(-c4ccc5c(cnn5CCN5CC[C@H](F)C5)c4)c(-c4c(Cl)c(C)cc5[nH]ncc45)c3C)C2)C1,4.301029995663981
CHEMBL5075960,27.0,nM,C=CC(=O)N1CC2(CC(n3nc(-c4ccc(N5CCC5=O)cc4)c(-c4c(Cl)c(C)cc5[nH]ncc45)c3C)C2)C1,7.568636235841013
CHEMBL5075960,15000.0,nM,C=CC(=O)N1CC2(CC(n3nc(-c4ccc(N5CCC5=O)cc4)c(-c4c(Cl)c(C)cc5[nH]ncc45)c3C)C2)C1,4.823908740944319
CHEMBL5080777,12.0,nM,C=CC(=O)N1CC2(CC(n3nc(-c4ccc(CC(C)(C)O)cc4)c(-c4c(Cl)c(C)cc5[nH]ncc45)c3C)C2)C1,7.920818753952375
CHEMBL5080777,1200.0,nM,C=CC(=O)N1CC2(CC(n3nc(-c4ccc(CC(C)(C)O)cc4)c(-c4c(Cl)c(C)cc5[nH]ncc45)c3C)C2)C1,5.920818753952375
CHEMBL5081366,26.0,nM,C=CC(=O)N1CC2(CC(n3nc(-c4ccc(OCCO)cc4)c(-c4c(Cl)c(C)cc5[nH]ncc45)c3C)C2)C1,7.585026652029182
CHEMBL5081366,2800.0,nM,C=CC(=O)N1CC2(CC(n3nc(-c4ccc(OCCO)cc4)c(-c4c(Cl)c(C)cc5[nH]ncc45)c3C)C2)C1,5.552841968657781
CHEMBL5078639,38.0,nM,C=CC(=O)N1CC2(CC(n3nc(-c4ccc5c(c4)OC(CO)C5)c(-c4c(Cl)c(C)cc5[nH]ncc45)c3C)C2)C1,7.42021640338319
CHEMBL5078639,50000.0,nM,C=CC(=O)N1CC2(CC(n3nc(-c4ccc5c(c4)OC(CO)C5)c(-c4c(Cl)c(C)cc5[nH]ncc45)c3C)C2)C1,4.301029995663981
CHEMBL5080264,9.0,nM,C=CC(=O)N1CC2(CC(n3nc(-c4ccc5nn(CCOC)cc5c4)c(-c4c(Cl)c(C)cc5[nH]nc(N)c45)c3C)C2)C1,8.045757490560675
CHEMBL5080264,840.0,nM,C=CC(=O)N1CC2(CC(n3nc(-c4ccc5nn(CCOC)cc5c4)c(-c4c(Cl)c(C)cc5[nH]nc(N)c45)c3C)C2)C1,6.075720713938118
CHEMBL5085560,15.0,nM,C=CC(=O)N1CC2(CC(n3nc(-c4ccc5c(c4)CCN5C(=O)CN4CC[C@H](F)C4)c(-c4c(Cl)c(C)cc5[nH]ncc45)c3C)C2)C1,7.823908740944319
CHEMBL5085560,13300.0,nM,C=CC(=O)N1CC2(CC(n3nc(-c4ccc5c(c4)CCN5C(=O)CN4CC[C@H](F)C4)c(-c4c(Cl)c(C)cc5[nH]ncc45)c3C)C2)C1,4.876148359032914
CHEMBL5080840,530.0,nM,CN1CCC[C@H]1COc1nc(N2C[C@H]3CC[C@@H](C2)N3)c2cnc(-c3cc(O)cc4ccccc34)c(F)c2n1,6.275724130399211
CHEMBL5090412,1300.0,nM,CN(C)C1CN(c2nc(N3CC4CCC(C3)N4)c3cnc(-c4cc(O)cc5ccccc45)c(F)c3n2)C1,5.886056647693163
CHEMBL5080117,3500.0,nM,Cn1ccnc1CCOc1nc(N2C[C@H]3CC[C@@H](C2)N3)c2cnc(-c3cc(O)cc4ccccc34)c(F)c2n1,5.455931955649724
CHEMBL5085544,3000.0,nM,Oc1cc(-c2ncc3c(N4C[C@H]5CC[C@@H](C4)N5)nc(OCCN4C[C@@H]5C[C@H]4CO5)nc3c2F)c2ccccc2c1,5.522878745280337
CHEMBL5091064,270.0,nM,Oc1cc(-c2ncc3c(N4C[C@H]5CC[C@@H](C4)N5)nc(OCC45CCCN4CCC5)nc3c2F)c2ccccc2c1,6.568636235841013
CHEMBL5087737,650.0,nM,Oc1cc(-c2ncc3c(N4CC5CCC(C4)N5)nc(OCC45CCCCN4CCC5)nc3c2F)c2ccccc2c1,6.187086643357144
CHEMBL5093274,64.0,nM,Oc1cc(-c2ncc3c(N4C[C@H]5CC[C@@H](C4)N5)nc(OC[C@]45CCCN4C[C@@H](F)C5)nc3c2F)c2ccccc2c1,7.1938200260161125
CHEMBL5089133,24.0,nM,Oc1cc(-c2ncc3c(N4C[C@H]5CC[C@@H](C4)N5)nc(OC[C@@]45CCCN4C[C@H](F)C5)nc3c2F)c2ccccc2c1,7.619788758288394
CHEMBL5084656,380.0,nM,Fc1c(-c2cccc3cccc(F)c23)ncc2c(N3C[C@H]4CC[C@@H](C3)N4)nc(OCC34CCCN3CCC4)nc12,6.42021640338319
CHEMBL5074273,190.0,nM,Fc1c(-c2cccc3cccc(Cl)c23)ncc2c(N3C[C@H]4CC[C@@H](C3)N4)nc(OCC34CCCN3CCC4)nc12,6.721246399047171
CHEMBL5093531,2500.0,nM,Cc1cccc2cccc(-c3ncc4c(N5C[C@H]6CC[C@@H](C5)N6)nc(OCC56CCCN5CCC6)nc4c3F)c12,5.6020599913279625
CHEMBL5091301,200.0,nM,CCc1cccc2cccc(-c3ncc4c(N5C[C@H]6CC[C@@H](C5)N6)nc(OCC56CCCN5CCC6)nc4c3F)c12,6.698970004336019
CHEMBL5091903,1200.0,nM,COc1cccc2cccc(-c3ncc4c(N5C[C@H]6CC[C@@H](C5)N6)nc(OCC56CCCN5CCC6)nc4c3F)c12,5.920818753952375
CHEMBL5091244,71.0,nM,C#Cc1cccc2cccc(-c3ncc4c(N5C[C@H]6CC[C@@H](C5)N6)nc(OCC56CCCN5CCC6)nc4c3F)c12,7.1487416512809245
CHEMBL5094356,370.0,nM,Fc1ccc2cccc(-c3ncc4c(N5C[C@H]6CC[C@@H](C5)N6)nc(OCC56CCCN5CCC6)nc4c3F)c2c1,6.431798275933005
CHEMBL5070295,97.0,nM,Fc1ccc2cccc(-c3ncc4c(N5C[C@H]6CC[C@@H](C5)N6)nc(OCC56CCCN5CCC6)nc4c3F)c2c1F,7.013228265733755
CHEMBL5087229,24.0,nM,C#Cc1c(F)ccc2cccc(-c3ncc4c(N5C[C@H]6CC[C@@H](C5)N6)nc(OCC56CCCN5CCC6)nc4c3F)c12,7.619788758288394
CHEMBL5085690,63.0,nM,Oc1cc(-c2ncc3c(N4C[C@H]5CC[C@@H](C4)N5)nc(OCC45CCCN4CCC5)nc3c2F)c2c(Cl)cccc2c1,7.200659450546418
CHEMBL5083652,14.0,nM,C#Cc1cccc2cc(O)cc(-c3ncc4c(N5C[C@H]6CC[C@@H](C5)N6)nc(OCC56CCCN5CCC6)nc4c3F)c12,7.853871964321762
CHEMBL5081048,2.0,nM,C#Cc1c(F)ccc2cc(O)cc(-c3ncc4c(N5C[C@H]6CC[C@@H](C5)N6)nc(OC[C@@]56CCCN5C[C@H](F)C6)nc4c3F)c12,8.698970004336019
CHEMBL5089026,10000.0,nM,Oc1cc(-c2ncc3c(N4CC5CCC(C4)N5)ncnc3c2F)c2ccccc2c1,5.0
CHEMBL5073668,10000.0,nM,CN(C)CCOc1nc(N2C[C@H]3CC[C@@H](C2)N3)c2cnc(-c3cc(O)cc4ccccc34)c(F)c2n1,5.0
CHEMBL5079995,10000.0,nM,O=C1CCC2(COc3nc(N4CC5CCC(C4)N5)c4cnc(-c5cc(O)cc6ccccc56)c(F)c4n3)CCCN12,5.0
CHEMBL5082116,10000.0,nM,Fc1c(-c2cccc3ccccc23)ncc2c(N3C[C@H]4CC[C@@H](C3)N4)nc(OCC34CCCN3CCC4)nc12,5.0
CHEMBL5090577,10000.0,nM,OCc1cccc2cccc(-c3ncc4c(N5C[C@H]6CC[C@@H](C5)N6)nc(OCC56CCCN5CCC6)nc4c3F)c12,5.0
CHEMBL5081048,5.0,nM,C#Cc1c(F)ccc2cc(O)cc(-c3ncc4c(N5C[C@H]6CC[C@@H](C5)N6)nc(OC[C@@]56CCCN5C[C@H](F)C6)nc4c3F)c12,8.301029995663981
CHEMBL5091178,142.0,nM,C=CC(=O)N1CCN(c2nc(OC[C@@H]3CCCN3C)nc3c2CCC2(CCc4ccccc4C2)C3)C[C@@H]1CC#N,6.847711655616943
CHEMBL5083037,291.0,nM,C=CC(=O)N1CCN(c2nc(OC[C@@H]3CCCN3C)nc3c2CC[C@@]2(CCc4ccccc4C2)C3)C[C@@H]1CC#N,6.536107011014093
CHEMBL5073085,131.0,nM,C=CC(=O)N1CCN(c2nc(OC[C@@H]3CCCN3C)nc3c2CC[C@]2(CCc4ccccc4C2)C3)C[C@@H]1CC#N,6.882728704344236
CHEMBL5091178,46.0,nM,C=CC(=O)N1CCN(c2nc(OC[C@@H]3CCCN3C)nc3c2CCC2(CCc4ccccc4C2)C3)C[C@@H]1CC#N,7.337242168318426
CHEMBL5083037,51.0,nM,C=CC(=O)N1CCN(c2nc(OC[C@@H]3CCCN3C)nc3c2CC[C@@]2(CCc4ccccc4C2)C3)C[C@@H]1CC#N,7.292429823902063
CHEMBL5073085,60.0,nM,C=CC(=O)N1CCN(c2nc(OC[C@@H]3CCCN3C)nc3c2CC[C@]2(CCc4ccccc4C2)C3)C[C@@H]1CC#N,7.221848749616356
CHEMBL5077647,10.0,nM,C=CC(=O)N1CCN(c2nc(OC[C@@H]3CCCN3C)nc3c2C[C@@H](C)[C@H](c2c(F)c(N)cc(C)c2C(F)(F)F)C3)[C@@H](C)C1,8.0
CHEMBL5092687,10.0,nM,C=CC(=O)N1CCN(c2nc(OC[C@@H]3CCCN3C)nc3c2C[C@@H](C)[C@H](c2nc(N)cc(C)c2C(F)(F)F)C3)[C@@H](C)C1,8.0
CHEMBL5074707,10.0,nM,C=CC(=O)N1CCN(c2nc(OC[C@@H]3CCCN3C)nc3c2C[C@@H](C)[C@H](c2cc(O)cc4ccccc24)C3)[C@@H](C)C1,8.0
CHEMBL5073894,10.0,nM,C=CC(=O)N1CCN(c2nc(OC[C@@H]3CCCN3C)nc3c2C[C@@H](C)[C@H](c2c(C(F)(F)F)ccc(N)c2F)C3)[C@@H](C)C1,8.0
CHEMBL5090056,11.0,nM,C=CC(=O)N1CCN(c2nc(OC[C@@H]3C[C@H](F)CN3C)nc3c2C[C@@H](C)[C@H](c2cc(O)cc4ccccc24)C3)[C@@H](C)C1,7.958607314841775
CHEMBL5079099,470.0,nM,C=CC(=O)N1CCN(c2nc(OCc3cn(C)cn3)nc3c2CC[C@H](c2cc(O)cc4ccccc24)C3)[C@@H](C)C1,6.327902142064283
CHEMBL5081562,23.0,nM,CC[C@H](C)C1NC(=O)[C@@H]2CCCN2C(=O)[C@H](Cc2ccc(O)cc2)NC(=O)[C@@H](NC(=O)[C@H](CC(=O)O)NC(=O)[C@H](Cc2ccc(O)cc2)NC(=O)[C@H](Cc2ccccc2)NC(=O)[C@H](Cc2c[nH]cn2)NC(=O)[C@@H](N)Cc2ccccc2)CC#CCSC[C@@H](C(=O)N[C@@H](CC(C)C)C(=O)N[C@H](C(=O)N2CCC[C@H]2C(=O)N2CCC[C@H]2C(N)=O)[C@@H](C)CC)NC1=O,7.638272163982407
CHEMBL5080817,100000.0,nM,CC[C@H](C)[C@@H]1NC(=O)[C@@H]2CCCN2C(=O)[C@H](Cc2ccc(O)cc2)NC(=O)CCCCn2cc(nn2)CSC[C@@H](C(=O)N[C@@H](CC(C)C)C(N)=O)NC1=O,4.0
CHEMBL5075728,100000.0,nM,CC[C@H](C)[C@@H]1NC(=O)[C@@H]2CCCN2C(=O)[C@H](Cc2ccc(O)cc2)NC(=O)CCCCn2cc(nn2)COC[C@@H](C(=O)N[C@@H](CC(C)C)C(N)=O)NC1=O,4.0
CHEMBL5075208,100000.0,nM,CC[C@H](C)[C@@H]1NC(=O)[C@@H]2CCCN2C(=O)[C@H](Cc2ccccc2)NC(=O)CCCc2cn(nn2)C[C@@H](C(=O)N[C@@H](CC(C)C)C(N)=O)NC1=O,4.0
CHEMBL5090068,100000.0,nM,CC[C@H](C)[C@@H]1NC(=O)[C@@H]2CCCN2C(=O)[C@H](Cc2ccccc2)NC(=O)CCCc2cn(nn2)CC[C@@H](C(=O)N[C@@H](CC(C)C)C(N)=O)NC1=O,4.0
CHEMBL5083351,100000.0,nM,CC[C@H](C)[C@@H]1NC(=O)[C@@H]2CCCN2C(=O)[C@H](Cc2ccc(O)cc2)NC(=O)CCCCn2nncc2CSC[C@@H](C(=O)N[C@@H](CC(C)C)C(N)=O)NC1=O,4.0
CHEMBL5078122,100000.0,nM,CC[C@H](C)[C@@H]1NC(=O)[C@@H]2CCCN2C(=O)[C@H](Cc2ccc(O)cc2)NC(=O)CCCCn2nncc2COC[C@@H](C(=O)N[C@@H](CC(C)C)C(N)=O)NC1=O,4.0
CHEMBL5079853,100000.0,nM,CC[C@H](C)[C@@H]1NC(=O)[C@@H]2CCCN2C(=O)[C@H](Cc2ccccc2)NC(=O)CCCCn2nncc2COC[C@@H](C(=O)N[C@@H](CC(C)C)C(N)=O)NC1=O,4.0
CHEMBL5083250,100000.0,nM,CC[C@H](C)[C@@H]1NC(=O)[C@@H]2CCCN2C(=O)[C@H](C)NC(=O)CCCCn2nncc2COC[C@@H](C(=O)N[C@@H](CC(C)C)C(N)=O)NC1=O,4.0
CHEMBL5084686,100000.0,nM,CC[C@H](C)[C@@H]1NC(=O)[C@@H]2CCCN2C(=O)CNC(=O)CCCCn2nncc2COC[C@@H](C(=O)N[C@@H](CC(C)C)C(N)=O)NC1=O,4.0
CHEMBL5093419,100000.0,nM,CC[C@H](C)[C@@H]1NC(=O)[C@@H]2CCCN2C(=O)CNC(=O)CCCn2nncc2COC[C@@H](C(=O)N[C@@H](CC(C)C)C(N)=O)NC1=O,4.0
CHEMBL5073912,100000.0,nM,CC[C@H](C)[C@@H]1NC(=O)[C@@H]2CCCN2C(=O)CNC(=O)CCCc2cn(nn2)CC[C@@H](C(=O)N[C@@H](CC(C)C)C(N)=O)NC1=O,4.0
CHEMBL5093036,100000.0,nM,CC[C@H](C)[C@@H]1NC(=O)[C@@H]2CCCN2C(=O)CNC(=O)CCCc2cnnn2C[C@@H](C(=O)N[C@@H](CC(C)C)C(N)=O)NC1=O,4.0
CHEMBL5092959,100000.0,nM,CC[C@H](C)[C@@H]1NC(=O)[C@@H]2CCCN2C(=O)[C@H](Cc2ccc(O)cc2)NC(=O)CCc2cnnn2CC[C@@H](C(=O)N[C@@H](CC(C)C)C(N)=O)NC1=O,4.0
CHEMBL5092776,100000.0,nM,CC[C@H](C)[C@@H]1NC(=O)[C@@H]2CCCN2C(=O)CNC(=O)CCCc2cnnn2CC[C@@H](C(=O)N[C@@H](CC(C)C)C(N)=O)NC1=O,4.0
CHEMBL5077261,100000.0,nM,C=C1/C=C/CCCC(=O)N[C@@H](C)C(=O)N2CCC[C@H]2C(=O)N[C@@H]([C@@H](C)CC)C(=O)N[C@H](C(=O)N[C@@H](CC(C)C)C(N)=O)CSC1,4.0
CHEMBL5077919,100000.0,nM,C=C1/C=C/COC[C@@H](C(=O)N[C@@H](CC(C)C)C(N)=O)NC(=O)[C@H]([C@@H](C)CC)NC(=O)[C@@H]2CCCN2C(=O)CNC(=O)CC1,4.0
CHEMBL5088053,98000.0,nM,C=C1/C=C/COC[C@@H](C(=O)N[C@@H](CC(C)C)C(N)=O)NC(=O)[C@H]([C@@H](C)CC)NC(=O)[C@@H]2CCCN2C(=O)CNC(=O)C1,4.008773924307505
CHEMBL5074844,100000.0,nM,CC[C@H](C)[C@@H]1NC(=O)[C@@H]2CCCN2C(=O)[C@H](C)NC(=O)CCC/C=C/COC[C@@H](C(=O)N[C@@H](CC(C)C)C(N)=O)NC1=O,4.0
CHEMBL5074453,100000.0,nM,CC[C@H](C)[C@@H]1NC(=O)[C@@H]2CCCN2C(=O)[C@H](C)NC(=O)CCCC#CC#CCOC[C@@H](C(=O)N[C@@H](CC(C)C)C(N)=O)NC1=O,4.0
CHEMBL5093948,100000.0,nM,CC[C@H](C)[C@@H]1NC(=O)[C@@H]2CCCN2C(=O)CNC(=O)CCCC#CC#CCOC[C@@H](C(=O)N[C@@H](CC(C)C)C(N)=O)NC1=O,4.0
CHEMBL5084433,100000.0,nM,CC[C@H](C)[C@@H]1NC(=O)[C@@H]2CCCN2C(=O)[C@H](C)NC(=O)c2ccccc2/C=C/COC[C@@H](C(=O)N[C@@H](CC(C)C)C(N)=O)NC1=O,4.0
CHEMBL5081452,91000.0,nM,CC(C)C[C@H](CC(=O)[C@@H]1COCc2cnnn2CCCCC(=O)NCC(=O)N2CCC[C@H]2C(=O)C[C@@H](C)C(=O)C1)C(N)=O,4.040958607678906
CHEMBL5083076,100000.0,nM,CC(C)C[C@H](NC(=O)[C@@H]1COCc2cnnn2CCCCC(=O)NCC(=O)N2CCC[C@H]2C(=O)N[C@@H](CC2CCCCC2)C(=O)N1)C(N)=O,4.0
CHEMBL5087475,60000.0,nM,CC(C)C[C@H](NC(=O)[C@@H]1COCc2cnnn2CCCCC(=O)NCC(=O)N2CCC[C@H]2C(=O)N[C@@H](CC(C)C)C(=O)N1)C(N)=O,4.221848749616356
CHEMBL5084212,48000.0,nM,CCCC[C@@H]1NC(=O)[C@@H]2CCCN2C(=O)CNC(=O)CCCCn2nncc2COC[C@@H](C(=O)N[C@@H](CC(C)C)C(N)=O)NC1=O,4.318758762624412
CHEMBL5093360,32000.0,nM,CC(C)C[C@H](NC(=O)[C@@H]1COCc2cnnn2CCCCC(=O)NCC(=O)N2CCC[C@H]2C(=O)N[C@@H](CC2CC2)C(=O)N1)C(N)=O,4.494850021680094
CHEMBL5072596,38000.0,nM,CC(C)C[C@H](NC(=O)[C@@H]1COCc2cnnn2CCCCC(=O)NCC(=O)N2CCC[C@H]2C(=O)N[C@@H](Cc2ccccc2)C(=O)N1)C(N)=O,4.42021640338319
CHEMBL5083090,82000.0,nM,CC(C)C[C@H](NC(=O)[C@@H]1COCc2cnnn2CCCCC(=O)NCC(=O)N2CCC[C@H]2C(=O)N[C@H](Cc2ccccc2)C(=O)N1)C(N)=O,4.086186147616283
CHEMBL5071433,100000.0,nM,CC(C)C[C@H](NC(=O)[C@@H]1COCc2cnnn2CCCCC(=O)NCC(=O)N2CCC[C@H]2C(=O)N[C@@H](c2ccccc2)C(=O)N1)C(N)=O,4.0
CHEMBL5088241,18000.0,nM,CC(C)C[C@H](NC(=O)[C@@H]1COCc2cnnn2CCCCC(=O)NCC(=O)N2CCC[C@H]2C(=O)N[C@@H](Cc2c[nH]c3ccccc23)C(=O)N1)C(N)=O,4.7447274948966935
CHEMBL5075687,7100.0,nM,CC(C)C[C@H](NC(=O)[C@@H]1COCc2cnnn2CCCCC(=O)NCC(=O)N2CCC[C@H]2C(=O)N[C@@H](Cc2cccc3ccccc23)C(=O)N1)C(N)=O,5.1487416512809245
CHEMBL5092205,9500.0,nM,CC(C)C[C@H](NC(=O)[C@@H]1COCc2cnnn2CCCCC(=O)NCC(=O)N2CCC[C@H]2C(=O)N[C@@H](Cc2ccc3ccccc3c2)C(=O)N1)C(N)=O,5.022276394711152
CHEMBL5083699,41000.0,nM,CC(C)C[C@H](NC(=O)[C@@H]1COCc2cnnn2CCCCC(=O)NCC(=O)N2CCC[C@H]2C(=O)N[C@@H](Cc2cccnc2)C(=O)N1)C(N)=O,4.3872161432802645
CHEMBL5080225,53000.0,nM,CC(C)C[C@H](NC(=O)[C@@H]1COCc2cnnn2CCCCC(=O)NCC(=O)N2CCC[C@H]2C(=O)N[C@@H](Cc2cccs2)C(=O)N1)C(N)=O,4.275724130399211
CHEMBL5076494,100000.0,nM,CC(C)C[C@H](NC(=O)[C@@H]1COCc2cnnn2CCCCC(=O)NCC(=O)N2CCC[C@H]2C(=O)N[C@@H](Cc2ccccc2Cl)C(=O)N1)C(N)=O,4.0
CHEMBL5078823,74000.0,nM,CC(C)C[C@H](NC(=O)[C@@H]1COCc2cnnn2CCCCC(=O)NCC(=O)N2CCC[C@H]2C(=O)N[C@@H](Cc2ccc(Cl)cc2)C(=O)N1)C(N)=O,4.130768280269024
CHEMBL5092321,7700.0,nM,CC(C)C[C@H](NC(=O)[C@@H]1COCc2cnnn2CCCCC(=O)NCC(=O)N2CCCC[C@H]2C(=O)N[C@@H](Cc2cccc3ccccc23)C(=O)N1)C(N)=O,5.113509274827518
CHEMBL5070479,32000.0,nM,CC(C)C[C@H](NC(=O)[C@@H]1COCc2cnnn2CCCCC(=O)NCC(=O)N2CC[C@H]2C(=O)N[C@@H](Cc2cccc3ccccc23)C(=O)N1)C(N)=O,4.494850021680094
CHEMBL5081764,55000.0,nM,CC(C)C[C@H](NC(=O)[C@@H]1COCc2cnnn2CCCCC(=O)NCC(=O)N2CCCCC[C@H]2C(=O)N[C@@H](Cc2cccc3ccccc23)C(=O)N1)C(N)=O,4.259637310505756
CHEMBL5094585,38000.0,nM,CC(=O)N[C@@H](Cc1cccc2ccccc12)C(=O)N[C@@H](COCc1cnnn1CCCCC(=O)NCC(N)=O)C(=O)N[C@@H](CC(C)C)C(N)=O,4.42021640338319
CHEMBL5078607,95000.0,nM,CC(C)C[C@H](NC(=O)[C@@H]1COCc2cnnn2CCCCC(=O)NCC(=O)N2C[C@H](O)C[C@H]2C(=O)N[C@@H](Cc2cccc3ccccc23)C(=O)N1)C(N)=O,4.022276394711152
CHEMBL5091680,70000.0,nM,CC(C)C[C@H](NC(=O)[C@@H]1COCc2cnnn2CCCCC(=O)NCC(=O)N2CC[C@@H](O)[C@H]2C(=O)N[C@@H](Cc2cccc3ccccc23)C(=O)N1)C(N)=O,4.154901959985743
CHEMBL5071769,6500.0,nM,CC(C)C[C@H](NC(=O)[C@@H]1COCc2cnnn2CCCCC(=O)NCC(=O)N2CCOC[C@H]2C(=O)N[C@@H](Cc2cccc3ccccc23)C(=O)N1)C(N)=O,5.187086643357144
CHEMBL5082312,100000.0,nM,CC(C)C[C@H](NC(=O)[C@@H]1COCc2cnnn2CCCCC(=O)NCC(=O)N(C)[C@@H](C(C)C)C(=O)N[C@@H](Cc2cccc3ccccc23)C(=O)N1)C(N)=O,4.0
CHEMBL5077810,20000.0,nM,CC(C)C[C@H](NC(=O)[C@@H]1COCc2cnnn2CCCCC(=O)NCC(=O)NC(C)(C)C(=O)N[C@@H](Cc2cccc3ccccc23)C(=O)N1)C(N)=O,4.698970004336019
CHEMBL5094784,5800.0,nM,CC(C)C[C@H](NC(=O)[C@@H]1COCc2cnnn2CCCCC(=O)NCC(=O)N2Cc3ccccc3C[C@H]2C(=O)N[C@@H](Cc2cccc3ccccc23)C(=O)N1)C(N)=O,5.236572006437063
CHEMBL5082436,37000.0,nM,C[C@H](NC(=O)[C@@H]1COCc2cnnn2CCCCC(=O)NCC(=O)N2CCC[C@H]2C(=O)N[C@@H](Cc2cccc3ccccc23)C(=O)N1)C(N)=O,4.431798275933005
CHEMBL5086801,78000.0,nM,NC(=O)[C@@H](NC(=O)[C@@H]1COCc2cnnn2CCCCC(=O)NCC(=O)N2CCC[C@H]2C(=O)N[C@@H](Cc2cccc3ccccc23)C(=O)N1)C1CCCCC1,4.107905397309519
CHEMBL5082248,100000.0,nM,NC(=O)[C@H](CC1CCCCC1)NC(=O)[C@@H]1COCc2cnnn2CCCCC(=O)NCC(=O)N2CCC[C@H]2C(=O)N[C@@H](Cc2cccc3ccccc23)C(=O)N1,4.0
CHEMBL5079991,100000.0,nM,CCCC[C@H](NC(=O)[C@@H]1COCc2cnnn2CCCCC(=O)NCC(=O)N2CCC[C@H]2C(=O)N[C@@H](Cc2cccc3ccccc23)C(=O)N1)C(N)=O,4.0
CHEMBL5081269,29000.0,nM,NC(=O)[C@H](CC1CC1)NC(=O)[C@@H]1COCc2cnnn2CCCCC(=O)NCC(=O)N2CCC[C@H]2C(=O)N[C@@H](Cc2cccc3ccccc23)C(=O)N1,4.5376020021010435
CHEMBL5076240,48000.0,nM,NC(=O)C[C@H](NC(=O)[C@@H]1COCc2cnnn2CCCCC(=O)NCC(=O)N2CCC[C@H]2C(=O)N[C@@H](Cc2cccc3ccccc23)C(=O)N1)C(N)=O,4.318758762624412
CHEMBL5093615,50000.0,nM,NC(=O)CC[C@H](NC(=O)[C@@H]1COCc2cnnn2CCCCC(=O)NCC(=O)N2CCC[C@H]2C(=O)N[C@@H](Cc2cccc3ccccc23)C(=O)N1)C(N)=O,4.301029995663981
CHEMBL5078754,26000.0,nM,CC(C)C[C@@H](C(N)=O)N(C)C(=O)[C@@H]1COCc2cnnn2CCCCC(=O)NCC(=O)N2CCC[C@H]2C(=O)N[C@@H](Cc2cccc3ccccc23)C(=O)N1,4.585026652029182
CHEMBL5089045,9700.0,nM,CC(C)C[C@H](NC(=O)[C@@H]1COCc2cnnn2CCCCC(=O)N[C@@H](C)C(=O)N2CCC[C@H]2C(=O)N[C@@H](Cc2cccc3ccccc23)C(=O)N1)C(N)=O,5.013228265733755
CHEMBL5076675,25000.0,nM,CC(C)C[C@H](NC(=O)[C@@H]1COCc2cnnn2CCCCC(=O)N[C@H](C)C(=O)N2CCC[C@H]2C(=O)N[C@@H](Cc2cccc3ccccc23)C(=O)N1)C(N)=O,4.6020599913279625
CHEMBL5082880,66000.0,nM,CC(C)C[C@H](NC(=O)[C@@H]1COCc2cnnn2CCCCC(=O)N[C@@H](CC(=O)O)C(=O)N2CCC[C@H]2C(=O)N[C@@H](Cc2cccc3ccccc23)C(=O)N1)C(N)=O,4.180456064458132
CHEMBL5088845,49000.0,nM,CC(C)C[C@H](NC(=O)[C@@H]1COCc2cnnn2CCCCC(=O)N[C@@H](CCC(=O)O)C(=O)N2CCC[C@H]2C(=O)N[C@@H](Cc2cccc3ccccc23)C(=O)N1)C(N)=O,4.309803919971486
CHEMBL5082252,77000.0,nM,CC(C)C[C@H](NC(=O)[C@@H]1COCc2cnnn2CCCCC(=O)N[C@H](CC(=O)O)C(=O)N2CCC[C@H]2C(=O)N[C@@H](Cc2cccc3ccccc23)C(=O)N1)C(N)=O,4.113509274827518
CHEMBL5078080,100000.0,nM,CC(C)C[C@H](NC(=O)[C@@H]1COCc2cnnn2CCCCC(=O)N[C@H](CCC(=O)O)C(=O)N2CCC[C@H]2C(=O)N[C@@H](Cc2cccc3ccccc23)C(=O)N1)C(N)=O,4.0
CHEMBL5082155,9600.0,nM,CC(C)C[C@H](NC(=O)[C@@H]1COCc2cnnn2CC(=O)NCC(=O)N2CCC[C@H]2C(=O)N[C@@H](Cc2cccc3ccccc23)C(=O)N1)C(N)=O,5.017728766960431
CHEMBL5086194,7000.0,nM,CC(C)C[C@H](NC(=O)[C@@H]1COCc2cnnn2CCC(=O)NCC(=O)N2CCC[C@H]2C(=O)N[C@@H](Cc2cccc3ccccc23)C(=O)N1)C(N)=O,5.154901959985743
CHEMBL5079007,10000.0,nM,CC(C)C[C@H](NC(=O)[C@@H]1COCc2cnnn2CCCC(=O)NCC(=O)N2CCC[C@H]2C(=O)N[C@@H](Cc2cccc3ccccc23)C(=O)N1)C(N)=O,5.0
CHEMBL5078981,48000.0,nM,CC(C)C[C@H](NC(=O)[C@@H]1COCc2cnnn2CCCCC(=O)N2CCC[C@H]2C(=O)N[C@@H](Cc2cccc3ccccc23)C(=O)N1)C(N)=O,4.318758762624412
CHEMBL5071531,12000.0,nM,CC(C)C[C@H](NC(=O)[C@@H]1COCc2cnnn2CCCCCC(=O)N2CCC[C@H]2C(=O)N[C@@H](Cc2cccc3ccccc23)C(=O)N1)C(N)=O,4.920818753952375
CHEMBL5093669,81000.0,nM,CC(C)C[C@H](NC(=O)[C@@H]1COCc2cnnn2CCCCCCCC(=O)N2CCC[C@H]2C(=O)N[C@@H](Cc2cccc3ccccc23)C(=O)N1)C(N)=O,4.0915149811213505
CHEMBL5093096,28000.0,nM,CC(C)C[C@H](NC(=O)[C@@H]1COCc2cnnn2CCCCCCCCCC(=O)N2CCC[C@H]2C(=O)N[C@@H](Cc2cccc3ccccc23)C(=O)N1)C(N)=O,4.552841968657781
CHEMBL5094359,11000.0,nM,CC(C)C[C@H](NC(=O)[C@H]1CSCc2cnnn2CCCCC(=O)NCC(=O)N2CCC[C@H]2C(=O)N[C@@H](Cc2cccc3ccccc23)C(=O)N1)C(N)=O,4.958607314841775
CHEMBL5090614,19000.0,nM,CC(C)C[C@H](NC(=O)[C@H]1CCCc2cnnn2CCCCC(=O)NCC(=O)N2CCC[C@H]2C(=O)N[C@@H](Cc2cccc3ccccc23)C(=O)N1)C(N)=O,4.721246399047171
CHEMBL5076432,65000.0,nM,CC(C)C[C@H](NC(=O)[C@H]1Cc2cnnn2CCCCC(=O)NCC(=O)N2CCC[C@H]2C(=O)N[C@@H](Cc2cccc3ccccc23)C(=O)N1)C(N)=O,4.187086643357144
CHEMBL5084589,31000.0,nM,CC(C)C[C@H](NC(=O)[C@H]1Cn2nncc2CCCC(=O)NCC(=O)N2CCC[C@H]2C(=O)N[C@@H](Cc2cccc3ccccc23)C(=O)N1)C(N)=O,4.508638306165727
CHEMBL5087378,13000.0,nM,CC(C)C[C@H](NC(=O)[C@H]1CCn2nncc2CCCC(=O)NCC(=O)N2CCC[C@H]2C(=O)N[C@@H](Cc2cccc3ccccc23)C(=O)N1)C(N)=O,4.886056647693163
CHEMBL5088437,100000.0,nM,CC(C)C[C@H](NC(=O)[C@H]1COCc2cn(nn2)CCCCC(=O)NCC(=O)N2CCC[C@H]2C(=O)N[C@@H](Cc2cccc3ccccc23)C(=O)N1)C(N)=O,4.0
CHEMBL5075344,46000.0,nM,CC(C)C[C@H](NC(=O)[C@H]1COCc2cnnn2CCCCC(=O)NCC(=O)N2CCC[C@H]2C(=O)N[C@@H](Cc2cccc3ccccc23)C(=O)N1)C(=O)N[C@@H](C)C(=O)N1CCC[C@H]1C(N)=O,4.337242168318426
CHEMBL5081734,38000.0,nM,CC(=O)N[C@@H](CC(=O)O)C(=O)N[C@H]1CCCn2nncc2COC[C@H](C(=O)N[C@@H](CC(C)C)C(N)=O)NC(=O)[C@H](Cc2cccc3ccccc23)NC(=O)[C@@H]2CCCN2C(=O)CNC1=O,4.42021640338319
CHEMBL5077657,93000.0,nM,CC(=O)N[C@@H](CCC(=O)O)C(=O)N[C@H]1CCCn2nncc2COC[C@H](C(=O)N[C@@H](CC(C)C)C(N)=O)NC(=O)[C@H](Cc2cccc3ccccc23)NC(=O)[C@@H]2CCCN2C(=O)CNC1=O,4.031517051446065
CHEMBL5085761,40000.0,nM,CC(=O)N[C@@H](CC(=O)O)C(=O)N[C@H]1CCCn2nncc2COC[C@@H](C(=O)N[C@@H](CC(C)C)C(=O)N[C@@H](C)C(=O)N2CCC[C@H]2C(N)=O)NC(=O)[C@H](Cc2cccc3ccccc23)NC(=O)[C@@H]2CCCN2C(=O)CNC1=O,4.3979400086720375
CHEMBL5081925,83000.0,nM,CC(=O)N[C@@H](CCC(=O)O)C(=O)N[C@H]1CCCn2nncc2COC[C@@H](C(=O)N[C@@H](CC(C)C)C(=O)N[C@@H](C)C(=O)N2CCC[C@H]2C(N)=O)NC(=O)[C@H](Cc2cccc3ccccc23)NC(=O)[C@@H]2CCCN2C(=O)CNC1=O,4.080921907623926
CHEMBL5082453,89000.0,nM,CC[C@@H](C)[C@@H]1NC(=O)[C@@H]2CCCN2C(=O)[C@H](Cc2ccc(O)cc2)NC(=O)[C@@H](NC(=O)[C@H](CC(=O)O)NC(C)=O)CCCn2nncc2COC[C@@H](C(=O)N[C@@H](CC(C)C)C(=O)N[C@@H](CC(C)C)C(=O)N2CCC[C@H]2C(N)=O)NC1=O,4.050609993355087
CHEMBL5079807,8600.0,nM,CC[C@@H](C)[C@@H]1NC(=O)[C@@H]2CCCN2C(=O)[C@H](Cc2ccc(O)cc2)NC(=O)[C@@H](NC(=O)[C@H](CC(=O)O)NC(=O)[C@H](Cc2ccc(O)cc2)NC(=O)[C@H](Cc2ccccc2)NC(=O)[C@H](CC2=NCN=C2)NC(=O)[C@H](Cc2ccccc2)NC(C)=O)CCCn2nncc2COC[C@@H](C(=O)N[C@@H](CC(C)C)C(=O)N[C@@H](CC(C)C)C(=O)N2CCC[C@H]2C(C)N2CCC[C@H]2C(N)=O)NC1=O,5.0655015487564325
CHEMBL5090997,3300.0,nM,CC(=O)N[C@@H](Cc1ccccc1)C(=O)N[C@@H](Cc1cnc[nH]1)C(=O)N[C@@H](Cc1ccccc1)C(=O)N[C@@H](Cc1ccc(O)cc1)C(=O)N[C@@H](CC(=O)O)C(=O)N[C@H]1CCCn2nncc2COC[C@@H](C(=O)N[C@@H](CC(C)C)C(=O)N[C@@H](CC(C)C)C(=O)N2CCC[C@H]2C(C)N2CCC[C@H]2C(N)=O)NC(=O)[C@H](Cc2ccc3ccccc3c2)NC(=O)[C@@H]2CCCN2C(=O)[C@H](Cc2ccc(O)cc2)NC1=O,5.481486060122113
CHEMBL5081452,91201.08,nM,CC(C)C[C@H](CC(=O)[C@@H]1COCc2cnnn2CCCCC(=O)NCC(=O)N2CCC[C@H]2C(=O)C[C@@H](C)C(=O)C1)C(N)=O,4.040000018741066
CHEMBL5083076,100000.0,nM,CC(C)C[C@H](NC(=O)[C@@H]1COCc2cnnn2CCCCC(=O)NCC(=O)N2CCC[C@H]2C(=O)N[C@@H](CC2CCCCC2)C(=O)N1)C(N)=O,4.0
CHEMBL5087475,60255.96,nM,CC(C)C[C@H](NC(=O)[C@@H]1COCc2cnnn2CCCCC(=O)NCC(=O)N2CCC[C@H]2C(=O)N[C@@H](CC(C)C)C(=O)N1)C(N)=O,4.219999989963101
CHEMBL5084212,47863.01,nM,CCCC[C@@H]1NC(=O)[C@@H]2CCCN2C(=O)CNC(=O)CCCCn2nncc2COC[C@@H](C(=O)N[C@@H](CC(C)C)C(N)=O)NC1=O,4.319999993033794
CHEMBL5093360,32359.37,nM,CC(C)C[C@H](NC(=O)[C@@H]1COCc2cnnn2CCCCC(=O)NCC(=O)N2CCC[C@H]2C(=O)N[C@@H](CC2CC2)C(=O)N1)C(N)=O,4.489999942195333
CHEMBL5072596,39810.72,nM,CC(C)C[C@H](NC(=O)[C@@H]1COCc2cnnn2CCCCC(=O)NCC(=O)N2CCC[C@H]2C(=O)N[C@@H](Cc2ccccc2)C(=O)N1)C(N)=O,4.399999967876858
CHEMBL5083090,79432.82,nM,CC(C)C[C@H](NC(=O)[C@@H]1COCc2cnnn2CCCCC(=O)NCC(=O)N2CCC[C@H]2C(=O)N[C@H](Cc2ccccc2)C(=O)N1)C(N)=O,4.100000018985305
CHEMBL5071433,100000.0,nM,CC(C)C[C@H](NC(=O)[C@@H]1COCc2cnnn2CCCCC(=O)NCC(=O)N2CCC[C@H]2C(=O)N[C@@H](c2ccccc2)C(=O)N1)C(N)=O,4.0
CHEMBL5088241,18197.01,nM,CC(C)C[C@H](NC(=O)[C@@H]1COCc2cnnn2CCCCC(=O)NCC(=O)N2CCC[C@H]2C(=O)N[C@@H](Cc2c[nH]c3ccccc23)C(=O)N1)C(N)=O,4.739999966255497
CHEMBL5075687,7079.46,nM,CC(C)C[C@H](NC(=O)[C@@H]1COCc2cnnn2CCCCC(=O)NCC(=O)N2CCC[C@H]2C(=O)N[C@@H](Cc2cccc3ccccc23)C(=O)N1)C(N)=O,5.149999867728904
CHEMBL5092205,9549.93,nM,CC(C)C[C@H](NC(=O)[C@@H]1COCc2cnnn2CCCCC(=O)NCC(=O)N2CCC[C@H]2C(=O)N[C@@H](Cc2ccc3ccccc3c2)C(=O)N1)C(N)=O,5.019999811738259
CHEMBL5083699,40738.03,nM,CC(C)C[C@H](NC(=O)[C@@H]1COCc2cnnn2CCCCC(=O)NCC(=O)N2CCC[C@H]2C(=O)N[C@@H](Cc2cccnc2)C(=O)N1)C(N)=O,4.389999976337708
CHEMBL5080225,53703.18,nM,CC(C)C[C@H](NC(=O)[C@@H]1COCc2cnnn2CCCCC(=O)NCC(=O)N2CCC[C@H]2C(=O)N[C@@H](Cc2cccs2)C(=O)N1)C(N)=O,4.2699999970646445
CHEMBL5076494,100000.0,nM,CC(C)C[C@H](NC(=O)[C@@H]1COCc2cnnn2CCCCC(=O)NCC(=O)N2CCC[C@H]2C(=O)N[C@@H](Cc2ccccc2Cl)C(=O)N1)C(N)=O,4.0
CHEMBL5078823,79432.82,nM,CC(C)C[C@H](NC(=O)[C@@H]1COCc2cnnn2CCCCC(=O)NCC(=O)N2CCC[C@H]2C(=O)N[C@@H](Cc2ccc(Cl)cc2)C(=O)N1)C(N)=O,4.100000018985305
CHEMBL5092321,7585.78,nM,CC(C)C[C@H](NC(=O)[C@@H]1COCc2cnnn2CCCCC(=O)NCC(=O)N2CCCC[C@H]2C(=O)N[C@@H](Cc2cccc3ccccc23)C(=O)N1)C(N)=O,5.119999756699334
CHEMBL5070479,32359.37,nM,CC(C)C[C@H](NC(=O)[C@@H]1COCc2cnnn2CCCCC(=O)NCC(=O)N2CC[C@H]2C(=O)N[C@@H](Cc2cccc3ccccc23)C(=O)N1)C(N)=O,4.489999942195333
CHEMBL5081764,54954.09,nM,CC(C)C[C@H](NC(=O)[C@@H]1COCc2cnnn2CCCCC(=O)NCC(=O)N2CCCCC[C@H]2C(=O)N[C@@H](Cc2cccc3ccccc23)C(=O)N1)C(N)=O,4.259999979340046
CHEMBL5094585,38018.94,nM,CC(=O)N[C@@H](Cc1cccc2ccccc12)C(=O)N[C@@H](COCc1cnnn1CCCCC(=O)NCC(N)=O)C(=O)N[C@@H](CC(C)C)C(N)=O,4.419999995796937
CHEMBL5078607,95499.26,nM,CC(C)C[C@H](NC(=O)[C@@H]1COCc2cnnn2CCCCC(=O)NCC(=O)N2C[C@H](O)C[C@H]2C(=O)N[C@@H](Cc2cccc3ccccc23)C(=O)N1)C(N)=O,4.019999993643078
CHEMBL5091680,69183.1,nM,CC(C)C[C@H](NC(=O)[C@@H]1COCc2cnnn2CCCCC(=O)NCC(=O)N2CC[C@@H](O)[C@H]2C(=O)N[C@@H](Cc2cccc3ccccc23)C(=O)N1)C(N)=O,4.159999981744464
CHEMBL5071769,6456.54,nM,CC(C)C[C@H](NC(=O)[C@@H]1COCc2cnnn2CCCCC(=O)NCC(=O)N2CCOC[C@H]2C(=O)N[C@@H](Cc2cccc3ccccc23)C(=O)N1)C(N)=O,5.190000154058473
CHEMBL5082312,100000.0,nM,CC(C)C[C@H](NC(=O)[C@@H]1COCc2cnnn2CCCCC(=O)NCC(=O)N(C)[C@@H](C(C)C)C(=O)N[C@@H](Cc2cccc3ccccc23)C(=O)N1)C(N)=O,4.0
CHEMBL5077810,19498.45,nM,CC(C)C[C@H](NC(=O)[C@@H]1COCc2cnnn2CCCCC(=O)NCC(=O)NC(C)(C)C(=O)N[C@@H](Cc2cccc3ccccc23)C(=O)N1)C(N)=O,4.70999991085297
CHEMBL5094784,5754.4,nM,CC(C)C[C@H](NC(=O)[C@@H]1COCc2cnnn2CCCCC(=O)NCC(=O)N2Cc3ccccc3C[C@H]2C(=O)N[C@@H](Cc2cccc3ccccc23)C(=O)N1)C(N)=O,5.2399999527072705
CHEMBL5082436,37153.52,nM,C[C@H](NC(=O)[C@@H]1COCc2cnnn2CCCCC(=O)NCC(=O)N2CCC[C@H]2C(=O)N[C@@H](Cc2cccc3ccccc23)C(=O)N1)C(N)=O,4.430000034012231
CHEMBL5086801,77624.71,nM,NC(=O)[C@@H](NC(=O)[C@@H]1COCc2cnnn2CCCCC(=O)NCC(=O)N2CCC[C@H]2C(=O)N[C@@H](Cc2cccc3ccccc23)C(=O)N1)C1CCCCC1,4.110000009303415
CHEMBL5082248,100000.0,nM,NC(=O)[C@H](CC1CCCCC1)NC(=O)[C@@H]1COCc2cnnn2CCCCC(=O)NCC(=O)N2CCC[C@H]2C(=O)N[C@@H](Cc2cccc3ccccc23)C(=O)N1,4.0
CHEMBL5079991,100000.0,nM,CCCC[C@H](NC(=O)[C@@H]1COCc2cnnn2CCCCC(=O)NCC(=O)N2CCC[C@H]2C(=O)N[C@@H](Cc2cccc3ccccc23)C(=O)N1)C(N)=O,4.0
CHEMBL5081269,28840.32,nM,NC(=O)[C@H](CC1CC1)NC(=O)[C@@H]1COCc2cnnn2CCCCC(=O)NCC(=O)N2CCC[C@H]2C(=O)N[C@@H](Cc2cccc3ccccc23)C(=O)N1,4.539999925177879
CHEMBL5076240,48977.88,nM,NC(=O)C[C@H](NC(=O)[C@@H]1COCc2cnnn2CCCCC(=O)NCC(=O)N2CCC[C@H]2C(=O)N[C@@H](Cc2cccc3ccccc23)C(=O)N1)C(N)=O,4.3100000171743025
CHEMBL5093615,50118.72,nM,NC(=O)CC[C@H](NC(=O)[C@@H]1COCc2cnnn2CCCCC(=O)NCC(=O)N2CCC[C@H]2C(=O)N[C@@H](Cc2cccc3ccccc23)C(=O)N1)C(N)=O,4.300000029139088
CHEMBL5078754,25703.96,nM,CC(C)C[C@@H](C(N)=O)N(C)C(=O)[C@@H]1COCc2cnnn2CCCCC(=O)NCC(=O)N2CCC[C@H]2C(=O)N[C@@H](Cc2cccc3ccccc23)C(=O)N1,4.589999963296594
CHEMBL5089045,9772.37,nM,CC(C)C[C@H](NC(=O)[C@@H]1COCc2cnnn2CCCCC(=O)N[C@@H](C)C(=O)N2CCC[C@H]2C(=O)N[C@@H](Cc2cccc3ccccc23)C(=O)N1)C(N)=O,5.010000098195094
CHEMBL5076675,25118.86,nM,CC(C)C[C@H](NC(=O)[C@@H]1COCc2cnnn2CCCCC(=O)N[C@H](C)C(=O)N2CCC[C@H]2C(=O)N[C@@H](Cc2cccc3ccccc23)C(=O)N1)C(N)=O,4.600000074606178
CHEMBL5082880,66069.34,nM,CC(C)C[C@H](NC(=O)[C@@H]1COCc2cnnn2CCCCC(=O)N[C@@H](CC(=O)O)C(=O)N2CCC[C@H]2C(=O)N[C@@H](Cc2cccc3ccccc23)C(=O)N1)C(N)=O,4.180000031556896
CHEMBL5088845,48977.88,nM,CC(C)C[C@H](NC(=O)[C@@H]1COCc2cnnn2CCCCC(=O)N[C@@H](CCC(=O)O)C(=O)N2CCC[C@H]2C(=O)N[C@@H](Cc2cccc3ccccc23)C(=O)N1)C(N)=O,4.3100000171743025
CHEMBL5082252,77624.71,nM,CC(C)C[C@H](NC(=O)[C@@H]1COCc2cnnn2CCCCC(=O)N[C@H](CC(=O)O)C(=O)N2CCC[C@H]2C(=O)N[C@@H](Cc2cccc3ccccc23)C(=O)N1)C(N)=O,4.110000009303415
CHEMBL5078080,100000.0,nM,CC(C)C[C@H](NC(=O)[C@@H]1COCc2cnnn2CCCCC(=O)N[C@H](CCC(=O)O)C(=O)N2CCC[C@H]2C(=O)N[C@@H](Cc2cccc3ccccc23)C(=O)N1)C(N)=O,4.0
CHEMBL5082155,9549.93,nM,CC(C)C[C@H](NC(=O)[C@@H]1COCc2cnnn2CC(=O)NCC(=O)N2CCC[C@H]2C(=O)N[C@@H](Cc2cccc3ccccc23)C(=O)N1)C(N)=O,5.019999811738259
CHEMBL5086194,7079.46,nM,CC(C)C[C@H](NC(=O)[C@@H]1COCc2cnnn2CCC(=O)NCC(=O)N2CCC[C@H]2C(=O)N[C@@H](Cc2cccc3ccccc23)C(=O)N1)C(N)=O,5.149999867728904
CHEMBL5079007,10471.29,nM,CC(C)C[C@H](NC(=O)[C@@H]1COCc2cnnn2CCCC(=O)NCC(=O)N2CCC[C@H]2C(=O)N[C@@H](Cc2cccc3ccccc23)C(=O)N1)C(N)=O,4.97999981255505
CHEMBL5078981,47863.01,nM,CC(C)C[C@H](NC(=O)[C@@H]1COCc2cnnn2CCCCC(=O)N2CCC[C@H]2C(=O)N[C@@H](Cc2cccc3ccccc23)C(=O)N1)C(N)=O,4.319999993033794
CHEMBL5071531,12589.25,nM,CC(C)C[C@H](NC(=O)[C@@H]1COCc2cnnn2CCCCCC(=O)N2CCC[C@H]2C(=O)N[C@@H](Cc2cccc3ccccc23)C(=O)N1)C(N)=O,4.900000142057633
CHEMBL5093669,81283.05,nM,CC(C)C[C@H](NC(=O)[C@@H]1COCc2cnnn2CCCCCCCC(=O)N2CCC[C@H]2C(=O)N[C@@H](Cc2cccc3ccccc23)C(=O)N1)C(N)=O,4.090000008636461
CHEMBL5093096,28183.83,nM,CC(C)C[C@H](NC(=O)[C@@H]1COCc2cnnn2CCCCCCCCCC(=O)N2CCC[C@H]2C(=O)N[C@@H](Cc2cccc3ccccc23)C(=O)N1)C(N)=O,4.549999989408299
CHEMBL5094359,10471.29,nM,CC(C)C[C@H](NC(=O)[C@H]1CSCc2cnnn2CCCCC(=O)NCC(=O)N2CCC[C@H]2C(=O)N[C@@H](Cc2cccc3ccccc23)C(=O)N1)C(N)=O,4.97999981255505
CHEMBL5090614,19498.45,nM,CC(C)C[C@H](NC(=O)[C@H]1CCCc2cnnn2CCCCC(=O)NCC(=O)N2CCC[C@H]2C(=O)N[C@@H](Cc2cccc3ccccc23)C(=O)N1)C(N)=O,4.70999991085297
CHEMBL5076432,64565.42,nM,CC(C)C[C@H](NC(=O)[C@H]1Cc2cnnn2CCCCC(=O)NCC(=O)N2CCC[C@H]2C(=O)N[C@@H](Cc2cccc3ccccc23)C(=O)N1)C(N)=O,4.190000019529944
CHEMBL5084589,31622.78,nM,CC(C)C[C@H](NC(=O)[C@H]1Cn2nncc2CCCC(=O)NCC(=O)N2CCC[C@H]2C(=O)N[C@@H](Cc2cccc3ccccc23)C(=O)N1)C(N)=O,4.499999953328896
CHEMBL5087378,12589.25,nM,CC(C)C[C@H](NC(=O)[C@H]1CCn2nncc2CCCC(=O)NCC(=O)N2CCC[C@H]2C(=O)N[C@@H](Cc2cccc3ccccc23)C(=O)N1)C(N)=O,4.900000142057633
CHEMBL5088437,100000.0,nM,CC(C)C[C@H](NC(=O)[C@H]1COCc2cn(nn2)CCCCC(=O)NCC(=O)N2CCC[C@H]2C(=O)N[C@@H](Cc2cccc3ccccc23)C(=O)N1)C(N)=O,4.0
CHEMBL5075344,45708.82,nM,CC(C)C[C@H](NC(=O)[C@H]1COCc2cnnn2CCCCC(=O)NCC(=O)N2CCC[C@H]2C(=O)N[C@@H](Cc2cccc3ccccc23)C(=O)N1)C(=O)N[C@@H](C)C(=O)N1CCC[C@H]1C(N)=O,4.339999990132752
CHEMBL5081734,38018.94,nM,CC(=O)N[C@@H](CC(=O)O)C(=O)N[C@H]1CCCn2nncc2COC[C@H](C(=O)N[C@@H](CC(C)C)C(N)=O)NC(=O)[C@H](Cc2cccc3ccccc23)NC(=O)[C@@H]2CCCN2C(=O)CNC1=O,4.419999995796937
CHEMBL5077657,93325.43,nM,CC(=O)N[C@@H](CCC(=O)O)C(=O)N[C@H]1CCCn2nncc2COC[C@H](C(=O)N[C@@H](CC(C)C)C(N)=O)NC(=O)[C@H](Cc2cccc3ccccc23)NC(=O)[C@@H]2CCCN2C(=O)CNC1=O,4.030000000370884
CHEMBL5085761,39810.72,nM,CC(=O)N[C@@H](CC(=O)O)C(=O)N[C@H]1CCCn2nncc2COC[C@@H](C(=O)N[C@@H](CC(C)C)C(=O)N[C@@H](C)C(=O)N2CCC[C@H]2C(N)=O)NC(=O)[C@H](Cc2cccc3ccccc23)NC(=O)[C@@H]2CCCN2C(=O)CNC1=O,4.399999967876858
CHEMBL5081925,79432.82,nM,CC(=O)N[C@@H](CCC(=O)O)C(=O)N[C@H]1CCCn2nncc2COC[C@@H](C(=O)N[C@@H](CC(C)C)C(=O)N[C@@H](C)C(=O)N2CCC[C@H]2C(N)=O)NC(=O)[C@H](Cc2cccc3ccccc23)NC(=O)[C@@H]2CCCN2C(=O)CNC1=O,4.100000018985305
CHEMBL5082453,79432.82,nM,CC[C@@H](C)[C@@H]1NC(=O)[C@@H]2CCCN2C(=O)[C@H](Cc2ccc(O)cc2)NC(=O)[C@@H](NC(=O)[C@H](CC(=O)O)NC(C)=O)CCCn2nncc2COC[C@@H](C(=O)N[C@@H](CC(C)C)C(=O)N[C@@H](CC(C)C)C(=O)N2CCC[C@H]2C(N)=O)NC1=O,4.100000018985305
CHEMBL5079807,8511.38,nM,CC[C@@H](C)[C@@H]1NC(=O)[C@@H]2CCCN2C(=O)[C@H](Cc2ccc(O)cc2)NC(=O)[C@@H](NC(=O)[C@H](CC(=O)O)NC(=O)[C@H](Cc2ccc(O)cc2)NC(=O)[C@H](Cc2ccccc2)NC(=O)[C@H](CC2=NCN=C2)NC(=O)[C@H](Cc2ccccc2)NC(C)=O)CCCn2nncc2COC[C@@H](C(=O)N[C@@H](CC(C)C)C(=O)N[C@@H](CC(C)C)C(=O)N2CCC[C@H]2C(C)N2CCC[C@H]2C(N)=O)NC1=O,5.070000019492821
CHEMBL5090997,3311.31,nM,CC(=O)N[C@@H](Cc1ccccc1)C(=O)N[C@@H](Cc1cnc[nH]1)C(=O)N[C@@H](Cc1ccccc1)C(=O)N[C@@H](Cc1ccc(O)cc1)C(=O)N[C@@H](CC(=O)O)C(=O)N[C@H]1CCCn2nncc2COC[C@@H](C(=O)N[C@@H](CC(C)C)C(=O)N[C@@H](CC(C)C)C(=O)N2CCC[C@H]2C(C)N2CCC[C@H]2C(N)=O)NC(=O)[C@H](Cc2ccc3ccccc3c2)NC(=O)[C@@H]2CCCN2C(=O)[C@H](Cc2ccc(O)cc2)NC1=O,5.480000159330324
CHEMBL5196734,470.0,nM,C=CC(=O)N1CCN(c2nc(NC3CCN(C)CC3)nc3c(F)c(-c4c(C)ccc5[nH]ncc45)c(Cl)cc23)CC1,6.327902142064283
CHEMBL5199429,3000.0,nM,C=CC(=O)N1CC2(C1)CN(c1nc(NC3CCN(C)CC3)nc3c(F)c(-c4c(C)ccc5[nH]ncc45)c(Cl)cc13)C2,5.522878745280337
CHEMBL5208546,160.0,nM,C=CC(=O)N1CC2(CCN(c3nc(NC4CCN(C)CC4)nc4c(F)c(-c5c(C)ccc6[nH]ncc56)c(Cl)cc34)C2)C1,6.795880017344075
CHEMBL5204061,350.0,nM,C=CC(=O)N1CC2(CCN(c3nc(NC4CCN(C)CC4)nc4c(F)c(-c5c(C)ccc6[nH]ncc56)c(Cl)cc34)CC2)C1,6.455931955649724
CHEMBL5208763,18000.0,nM,C=CC(=O)N1CCC2(C1)CN(c1nc(NC3CCN(C)CC3)nc3c(F)c(-c4c(C)ccc5[nH]ncc45)c(Cl)cc13)C2,4.7447274948966935
CHEMBL5170321,30000.0,nM,C=CC(=O)N1CCC2(CC1)CN(c1nc(NC3CCN(C)CC3)nc3c(F)c(-c4c(C)ccc5[nH]ncc45)c(Cl)cc13)C2,4.522878745280337
CHEMBL5209329,70.0,nM,C=CC(=O)N1CC2(CCN(c3nc(OC4CCN(C)CC4)nc4c(F)c(-c5c(C)ccc6[nH]ncc56)c(Cl)cc34)CC2)C1,7.154901959985743
CHEMBL5205152,77.0,nM,C=CC(=O)N1CC2(CCN(c3nc(OC4CCN(CC)CC4)nc4c(F)c(-c5c(C)ccc6[nH]ncc56)c(Cl)cc34)CC2)C1,7.113509274827518
CHEMBL5181293,940.0,nM,C=CC(=O)N1CC2(CCN(c3nc(SC4CCN(CC)CC4)nc4c(F)c(-c5c(C)ccc6[nH]ncc56)c(Cl)cc34)CC2)C1,6.026872146400302
CHEMBL5187482,3200.0,nM,C=CC(=O)N1CC2(CCN(c3nc(N(C)C4CCN(CC)CC4)nc4c(F)c(-c5c(C)ccc6[nH]ncc56)c(Cl)cc34)CC2)C1,5.494850021680094
CHEMBL5193630,10000.0,nM,CCN1CCC(Oc2nc(N3CCC4(CC3)CN(C(=O)/C=C/CN3CCOCC3)C4)c3cc(Cl)c(-c4c(C)ccc5[nH]ncc45)c(F)c3n2)CC1,5.0
CHEMBL5181467,130.0,nM,C=CC(=O)N1CC2(CCN(c3nc(OCC4CCN(C)CC4)nc4c(F)c(-c5c(C)ccc6[nH]ncc56)c(Cl)cc34)CC2)C1,6.886056647693163
CHEMBL5191000,340.0,nM,C=CC(=O)N1CC2(CCN(c3nc(OCCN(C)C)nc4c(F)c(-c5c(C)ccc6[nH]ncc56)c(Cl)cc34)CC2)C1,6.468521082957745
CHEMBL5186010,260.0,nM,C=CC(=O)N1CC2(CCN(c3nc(OCCCN(C)C)nc4c(F)c(-c5c(C)ccc6[nH]ncc56)c(Cl)cc34)CC2)C1,6.585026652029182
CHEMBL5196761,770.0,nM,C=CC(=O)N1CC2(CCN(c3nc(OC4(CN(C)C)CCC4)nc4c(F)c(-c5c(C)ccc6[nH]ncc56)c(Cl)cc34)CC2)C1,6.113509274827518
CHEMBL5206689,370.0,nM,C=CC(=O)N1CC2(CCN(c3nc(OCCCN4CCCCC4)nc4c(F)c(-c5c(C)ccc6[nH]ncc56)c(Cl)cc34)CC2)C1,6.431798275933005
CHEMBL5177793,650.0,nM,C=CC(=O)N1CC2(CCN(c3nc(OCCCN4CCOCC4)nc4c(F)c(-c5c(C)ccc6[nH]ncc56)c(Cl)cc34)CC2)C1,6.187086643357144
CHEMBL5202742,2100.0,nM,C=CC(=O)N1CC2(CCN(c3nc(OC4CCOCC4)nc4c(F)c(-c5c(C)ccc6[nH]ncc56)c(Cl)cc34)CC2)C1,5.6777807052660805
CHEMBL5201714,800.0,nM,CC1CCN(C[C@@H]2NC(=O)[C@H](CCCNC(=N)N)NC(=O)[C@H](Cc3ccccc3)NC(=O)[C@H](CC(N)=O)NC(=O)[C@H](CCCNC(=N)N)NC(=O)[C@H](Cc3ccccc3)NC(=O)[C@H](CC(N)=O)NC(=O)[C@H](C(C)C)NC(=O)[C@H](Cc3ccccc3)NC(=O)[C@H](Cc3ccc(O)cc3)NC(=O)CSC[C@@H](CNCC(N)=O)NC(=O)[C@H](CCCNC(=N)N)NC(=O)[C@H](Cc3ccccc3)NC2=O)CC1,6.096910013008056
CHEMBL5176868,100.0,nM,C=Cc1ncc2n1CCN(c1nc(=O)n(-c3c(C)ccnc3C(C)C)c3nc(-c4c(O)cccc4F)c(F)cc13)C2,7.0
CHEMBL5176868,100.0,nM,C=Cc1ncc2n1CCN(c1nc(=O)n(-c3c(C)ccnc3C(C)C)c3nc(-c4c(O)cccc4F)c(F)cc13)C2,7.0
CHEMBL5207895,100.0,nM,C=Cc1ncc2n1CCN(c1nc(=O)n(CC3CC3)c3nc(-c4c(O)cccc4F)c(F)cc13)C2,7.0
CHEMBL5195479,100.0,nM,C=Cc1ncc2n1CCN(c1nc(=O)n(C(C)C)c3nc(-c4c(O)cccc4F)c(F)cc13)C2,7.0
CHEMBL5199804,100.0,nM,C=Cc1ncc2n1CCN(c1nc(OCC3CCCN3C)nc3c(F)c(-c4cc(O)cc5ccccc45)c(Cl)cc13)C2,7.0
CHEMBL5183279,100.0,nM,C=Cc1ncc2n1CCN(c1nc(OCC3CCCN3C)nc3c(F)c(-c4c(O)cccc4F)c(Cl)cc13)C2,7.0
CHEMBL5177011,100.0,nM,C=Cc1ncc2n1CCN(c1nc(OCC3CCCN3C)nc3c(F)c(-c4c(C)ccc5[nH]ncc45)c(Cl)cc13)C2,7.0
CHEMBL5208345,100.0,nM,C=Cc1ncc2n1CCN(c1nc(OCCN(C)C)nc3c(F)c(-c4cc(O)cc5ccccc45)c(Cl)cc13)C2,7.0
CHEMBL5183045,100.0,nM,C=Cc1ncc2n1CCN(c1nc(OC3CCN(C)CC3)nc3c(F)c(-c4cc(O)cc5ccccc45)c(Cl)cc13)C2,7.0
CHEMBL5175034,100.0,nM,C=Cc1ncc2n1CCN(c1nc(OCCN3CCOCC3)nc3c(F)c(-c4cc(O)cc5ccccc45)c(Cl)cc13)C2,7.0
CHEMBL5186009,100.0,nM,C=Cc1ncc2n1CCN(c1nc(OC[C@@H]3CCCN3C)nc3c(F)c(-c4cc(O)cc5ccccc45)c(Cl)cc13)C2,7.0
CHEMBL5178985,100.0,nM,C=Cc1ncc2n1CCN(c1nc(OC3CCCN(C)C3)nc3c(F)c(-c4cc(O)cc5ccccc45)c(Cl)cc13)C2,7.0
CHEMBL5176868,5000.0,nM,C=Cc1ncc2n1CCN(c1nc(=O)n(-c3c(C)ccnc3C(C)C)c3nc(-c4c(O)cccc4F)c(F)cc13)C2,5.301029995663981
CHEMBL5176868,5000.0,nM,C=Cc1ncc2n1CCN(c1nc(=O)n(-c3c(C)ccnc3C(C)C)c3nc(-c4c(O)cccc4F)c(F)cc13)C2,5.301029995663981
CHEMBL5207895,5000.0,nM,C=Cc1ncc2n1CCN(c1nc(=O)n(CC3CC3)c3nc(-c4c(O)cccc4F)c(F)cc13)C2,5.301029995663981
CHEMBL5195479,5000.0,nM,C=Cc1ncc2n1CCN(c1nc(=O)n(C(C)C)c3nc(-c4c(O)cccc4F)c(F)cc13)C2,5.301029995663981
CHEMBL5199804,1000.0,nM,C=Cc1ncc2n1CCN(c1nc(OCC3CCCN3C)nc3c(F)c(-c4cc(O)cc5ccccc45)c(Cl)cc13)C2,6.0
CHEMBL5183279,5000.0,nM,C=Cc1ncc2n1CCN(c1nc(OCC3CCCN3C)nc3c(F)c(-c4c(O)cccc4F)c(Cl)cc13)C2,5.301029995663981
CHEMBL5177011,5000.0,nM,C=Cc1ncc2n1CCN(c1nc(OCC3CCCN3C)nc3c(F)c(-c4c(C)ccc5[nH]ncc45)c(Cl)cc13)C2,5.301029995663981
CHEMBL5208345,1000.0,nM,C=Cc1ncc2n1CCN(c1nc(OCCN(C)C)nc3c(F)c(-c4cc(O)cc5ccccc45)c(Cl)cc13)C2,6.0
CHEMBL5183045,5000.0,nM,C=Cc1ncc2n1CCN(c1nc(OC3CCN(C)CC3)nc3c(F)c(-c4cc(O)cc5ccccc45)c(Cl)cc13)C2,5.301029995663981
CHEMBL5175034,5000.0,nM,C=Cc1ncc2n1CCN(c1nc(OCCN3CCOCC3)nc3c(F)c(-c4cc(O)cc5ccccc45)c(Cl)cc13)C2,5.301029995663981
CHEMBL5186009,1000.0,nM,C=Cc1ncc2n1CCN(c1nc(OC[C@@H]3CCCN3C)nc3c(F)c(-c4cc(O)cc5ccccc45)c(Cl)cc13)C2,6.0
CHEMBL5178985,5000.0,nM,C=Cc1ncc2n1CCN(c1nc(OC3CCCN(C)C3)nc3c(F)c(-c4cc(O)cc5ccccc45)c(Cl)cc13)C2,5.301029995663981
CHEMBL5199232,100.0,nM,C=CC(=O)N1CC(F)(Cn2c(=O)c(=O)n(-c3c(C(C)C)cccc3C(C)C)c3nc(-c4cc(O)cc5ccccc45)c(Cl)cc32)C1,7.0
CHEMBL5185658,100.0,nM,C=CC(=O)N1CC(F)(Cn2c(=O)c(=O)n(-c3c(C)ccnc3C(C)C)c3nc(-c4ccccc4F)c(Cl)cc32)C1,7.0
CHEMBL5186744,100.0,nM,C=CC(=O)N1CC(F)(Cn2c(=O)c(=O)n(-c3c(C)ccnc3C(C)C)c3nc(-c4c(N)cccc4F)c(Cl)cc32)C1,7.0
CHEMBL5176944,100.0,nM,C=CC(=O)N1CC(F)(Cn2c(=O)c(=O)n(-c3c(C)ccnc3C(C)C)c3nc(-c4c(F)ccc(F)c4O)c(Cl)cc32)C1,7.0
CHEMBL5196173,100.0,nM,C=CC(=O)N1CC(F)(Cn2c(=O)c(=O)n(-c3c(C)ccnc3C(C)C)c3nc(-c4cccc(Cl)c4Cl)c(Cl)cc32)C1,7.0
CHEMBL5195055,100.0,nM,C=CC(=O)N1CC(F)(Cn2c(=O)c(=O)n(-c3c(C)ccnc3C(C)C)c3nc(-c4c(Cl)ccc5c4OCO5)c(Cl)cc32)C1,7.0
CHEMBL5199232,100.0,nM,C=CC(=O)N1CC(F)(Cn2c(=O)c(=O)n(-c3c(C(C)C)cccc3C(C)C)c3nc(-c4cc(O)cc5ccccc45)c(Cl)cc32)C1,7.0
CHEMBL5185658,100.0,nM,C=CC(=O)N1CC(F)(Cn2c(=O)c(=O)n(-c3c(C)ccnc3C(C)C)c3nc(-c4ccccc4F)c(Cl)cc32)C1,7.0
CHEMBL5186744,100.0,nM,C=CC(=O)N1CC(F)(Cn2c(=O)c(=O)n(-c3c(C)ccnc3C(C)C)c3nc(-c4c(N)cccc4F)c(Cl)cc32)C1,7.0
CHEMBL5176944,100.0,nM,C=CC(=O)N1CC(F)(Cn2c(=O)c(=O)n(-c3c(C)ccnc3C(C)C)c3nc(-c4c(F)ccc(F)c4O)c(Cl)cc32)C1,7.0
CHEMBL5196173,100.0,nM,C=CC(=O)N1CC(F)(Cn2c(=O)c(=O)n(-c3c(C)ccnc3C(C)C)c3nc(-c4cccc(Cl)c4Cl)c(Cl)cc32)C1,7.0
CHEMBL5195055,100.0,nM,C=CC(=O)N1CC(F)(Cn2c(=O)c(=O)n(-c3c(C)ccnc3C(C)C)c3nc(-c4c(Cl)ccc5c4OCO5)c(Cl)cc32)C1,7.0
CHEMBL5189659,54.0,nM,CC[C@H](C)[C@@H]1NC(=O)[C@H](Cc2ccc(O)cc2)NC(=O)[C@H](CC(C)C)NC(=O)[C@@H]2CCCN2C(=O)[C@@H](NC(=O)[C@H](CCCNC(=N)N)NC(=O)[C@H](CCCNC(=N)N)NC(C)=O)CSSC[C@@H](C(=O)N[C@@H](CCCNC(=N)N)C(=O)N[C@@H](CCCNC(=N)N)C(N)=O)NC(=O)[C@H](C(C)C)NC(=O)[C@@H]2CCCN2C(=O)[C@H](CC(=O)O)NC(=O)[C@H](Cc2ccc(O)cc2)NC(=O)[C@H](CO)NC1=O,7.267606240177032
CHEMBL5197233,11110.0,nM,CCC[C@@H]1NC(=O)[C@H](Cc2ccc(O)cc2)NC(=O)[C@H](CC(C)C)NC(=O)[C@@H]2CCCN2C(=O)[C@@H](NC(=O)[C@H](CCCNC(=N)N)NC(=O)[C@H](CCCNC(=N)N)NC(C)=O)CSSC[C@@H](C(=O)N[C@@H](CCCNC(=N)N)C(=O)N[C@@H](CCCNC(=N)N)C(N)=O)NC(=O)[C@H](C(C)C)NC(=O)[C@@H]2CCCN2C(=O)[C@H](CC(=O)O)NC(=O)[C@H](Cc2ccc(O)cc2)NC(=O)[C@H](CO)NC1=O,4.9542859410591324
CHEMBL5208805,11110.0,nM,CC(=O)N[C@@H](CCCNC(=N)N)C(=O)N[C@@H](CCCNC(=N)N)C(=O)N[C@H]1CSSC[C@@H](C(=O)N[C@@H](CCCNC(=N)N)C(=O)N[C@@H](CCCNC(=N)N)C(N)=O)NC(=O)[C@H](C(C)C)NC(=O)[C@@H]2CCCN2C(=O)[C@H](CC(=O)O)NC(=O)[C@H](Cc2ccc(O)cc2)NC(=O)[C@H](CO)NC(=O)[C@H](CC2CCCC2)NC(=O)[C@H](Cc2ccc(O)cc2)NC(=O)[C@H](CC(C)C)NC(=O)[C@@H]2CCCN2C1=O,4.9542859410591324
CHEMBL5182373,11110.0,nM,CC(=O)N[C@@H](CCCNC(=N)N)C(=O)N[C@@H](CCCNC(=N)N)C(=O)N[C@H]1CSSC[C@@H](C(=O)N[C@@H](CCCNC(=N)N)C(=O)N[C@@H](CCCNC(=N)N)C(N)=O)NC(=O)[C@H](C(C)C)NC(=O)[C@@H]2CCCN2C(=O)[C@H](CC(=O)O)NC(=O)[C@H](Cc2ccc(O)cc2)NC(=O)[C@H](CO)NC(=O)[C@H](CCC(C)C)NC(=O)[C@H](Cc2ccc(O)cc2)NC(=O)[C@H](CC(C)C)NC(=O)[C@@H]2CCCN2C1=O,4.9542859410591324
CHEMBL5176360,1387.0,nM,CC[C@H](C)[C@@H]1NC(=O)[C@H](CCc2ccccc2)NC(=O)[C@H](CC(C)C)NC(=O)[C@@H]2CCCN2C(=O)[C@@H](NC(=O)[C@H](CCCNC(=N)N)NC(=O)[C@H](CCCNC(=N)N)NC(C)=O)CSSC[C@@H](C(=O)N[C@@H](CCCNC(=N)N)C(=O)N[C@@H](CCCNC(=N)N)C(N)=O)NC(=O)[C@H](C(C)C)NC(=O)[C@@H]2CCCN2C(=O)[C@H](CC(=O)O)NC(=O)[C@H](Cc2ccc(O)cc2)NC(=O)[C@H](CO)NC1=O,5.857923538926715
CHEMBL5176608,11110.0,nM,CCC[C@@H]1NC(=O)[C@H](CCc2ccccc2)NC(=O)[C@H](CC(C)C)NC(=O)[C@@H]2CCCN2C(=O)[C@@H](NC(=O)[C@H](CCCNC(=N)N)NC(=O)[C@H](CCCNC(=N)N)NC(C)=O)CSSC[C@@H](C(=O)N[C@@H](CCCNC(=N)N)C(=O)N[C@@H](CCCNC(=N)N)C(N)=O)NC(=O)[C@H](C(C)C)NC(=O)[C@@H]2CCCN2C(=O)[C@H](CC(=O)O)NC(=O)[C@H](Cc2ccc(O)cc2)NC(=O)[C@H](CO)NC1=O,4.9542859410591324
CHEMBL5193476,11110.0,nM,CC(=O)N[C@@H](CCCNC(=N)N)C(=O)N[C@@H](CCCNC(=N)N)C(=O)N[C@H]1CSSC[C@@H](C(=O)N[C@@H](CCCNC(=N)N)C(=O)N[C@@H](CCCNC(=N)N)C(N)=O)NC(=O)[C@H](C(C)C)NC(=O)[C@@H]2CCCN2C(=O)[C@H](CC(=O)O)NC(=O)[C@H](Cc2ccc(O)cc2)NC(=O)[C@H](CO)NC(=O)[C@H](CC2CCCC2)NC(=O)[C@H](CCc2ccccc2)NC(=O)[C@H](CC(C)C)NC(=O)[C@@H]2CCCN2C1=O,4.9542859410591324
CHEMBL5185206,11110.0,nM,CC(=O)N[C@@H](CCCNC(=N)N)C(=O)N[C@@H](CCCNC(=N)N)C(=O)N[C@H]1CSSC[C@@H](C(=O)N[C@@H](CCCNC(=N)N)C(=O)N[C@@H](CCCNC(=N)N)C(N)=O)NC(=O)[C@H](C(C)C)NC(=O)[C@@H]2CCCN2C(=O)[C@H](CC(=O)O)NC(=O)[C@H](Cc2ccc(O)cc2)NC(=O)[C@H](CO)NC(=O)[C@H](CCC(C)C)NC(=O)[C@H](CCc2ccccc2)NC(=O)[C@H](CC(C)C)NC(=O)[C@@H]2CCCN2C1=O,4.9542859410591324
CHEMBL5169881,7.0,nM,CC[C@H](C)[C@@H]1NC(=O)[C@H](Cc2ccc(-c3ccccc3)cc2)NC(=O)[C@H](CC(C)C)NC(=O)[C@@H]2CCCN2C(=O)[C@@H](NC(=O)[C@H](CCCNC(=N)N)NC(=O)[C@H](CCCNC(=N)N)NC(C)=O)CSSC[C@@H](C(=O)N[C@@H](CCCNC(=N)N)C(=O)N[C@@H](CCCNC(=N)N)C(N)=O)NC(=O)[C@H](C(C)C)NC(=O)[C@@H]2CCCN2C(=O)[C@H](CC(=O)O)NC(=O)[C@H](Cc2ccc(O)cc2)NC(=O)[C@H](CO)NC1=O,8.154901959985743
CHEMBL5193586,604.0,nM,CCC[C@@H]1NC(=O)[C@H](Cc2ccc(-c3ccccc3)cc2)NC(=O)[C@H](CC(C)C)NC(=O)[C@@H]2CCCN2C(=O)[C@@H](NC(=O)[C@H](CCCNC(=N)N)NC(=O)[C@H](CCCNC(=N)N)NC(C)=O)CSSC[C@@H](C(=O)N[C@@H](CCCNC(=N)N)C(=O)N[C@@H](CCCNC(=N)N)C(N)=O)NC(=O)[C@H](C(C)C)NC(=O)[C@@H]2CCCN2C(=O)[C@H](CC(=O)O)NC(=O)[C@H](Cc2ccc(O)cc2)NC(=O)[C@H](CO)NC1=O,6.218963061378868
CHEMBL5197029,11110.0,nM,CC(C)C[C@@H]1NC(=O)[C@@H]2CCCN2C(=O)[C@@H](NC(=O)[C@H](CCCNC(=N)N)NC(=O)[C@H](CCCNC(=N)N)NC(N)=O)CSSC[C@@H](C(=O)N[C@@H](CCCNC(=N)N)C(=O)N[C@@H](CCCNC(=N)N)C(=O)O)NC(=O)[C@H](C(C)C)NC(=O)[C@@H]2CCCN2C(=O)[C@H](CC(=O)O)NC(=O)[C@H](Cc2ccc(O)cc2)NC(=O)[C@H](CO)NC(=O)[C@H](CC2CCCC2)NC(=O)[C@H](Cc2ccc(-c3ccccc3)cc2)NC1=O,4.9542859410591324
CHEMBL5204357,11110.0,nM,CC(=O)N[C@@H](CCCNC(=N)N)C(=O)N[C@@H](CCCNC(=N)N)C(=O)N[C@H]1CSSC[C@@H](C(=O)N[C@@H](CCCNC(=N)N)C(=O)N[C@@H](CCCNC(=N)N)C(N)=O)NC(=O)[C@H](C(C)C)NC(=O)[C@@H]2CCCN2C(=O)[C@H](CC(=O)O)NC(=O)[C@H](Cc2ccc(O)cc2)NC(=O)[C@H](CO)NC(=O)[C@H](CCC(C)C)NC(=O)[C@H](Cc2ccc(-c3ccccc3)cc2)NC(=O)[C@H](CC(C)C)NC(=O)[C@@H]2CCCN2C1=O,4.9542859410591324
CHEMBL5173458,161.0,nM,CC[C@H](C)[C@@H]1NC(=O)[C@H](CC2CCCCC2)NC(=O)[C@H](CC(C)C)NC(=O)[C@@H]2CCCN2C(=O)[C@@H](NC(=O)[C@H](CCCNC(=N)N)NC(=O)[C@H](CCCNC(=N)N)NC(C)=O)CSSC[C@@H](C(=O)N[C@@H](CCCNC(=N)N)C(=O)N[C@@H](CCCNC(=N)N)C(N)=O)NC(=O)[C@H](C(C)C)NC(=O)[C@@H]2CCCN2C(=O)[C@H](CC(=O)O)NC(=O)[C@H](Cc2ccc(O)cc2)NC(=O)[C@H](CO)NC1=O,6.79317412396815
CHEMBL5186176,11110.0,nM,CCC[C@@H]1NC(=O)[C@H](CC2CCCCC2)NC(=O)[C@H](CC(C)C)NC(=O)[C@@H]2CCCN2C(=O)[C@@H](NC(=O)[C@H](CCCNC(=N)N)NC(=O)[C@H](CCCNC(=N)N)NC(C)=O)CSSC[C@@H](C(=O)N[C@@H](CCCNC(=N)N)C(=O)N[C@@H](CCCNC(=N)N)C(N)=O)NC(=O)[C@H](C(C)C)NC(=O)[C@@H]2CCCN2C(=O)[C@H](CC(=O)O)NC(=O)[C@H](Cc2ccc(O)cc2)NC(=O)[C@H](CO)NC1=O,4.9542859410591324
CHEMBL5177503,11110.0,nM,CC(=O)N[C@@H](CCCNC(=N)N)C(=O)N[C@@H](CCCNC(=N)N)C(=O)N[C@H]1CSSC[C@@H](C(=O)N[C@@H](CCCNC(=N)N)C(=O)N[C@@H](CCCNC(=N)N)C(N)=O)NC(=O)[C@H](C(C)C)NC(=O)[C@@H]2CCCN2C(=O)[C@H](CC(=O)O)NC(=O)[C@H](Cc2ccc(O)cc2)NC(=O)[C@H](CO)NC(=O)[C@H](CC2CCCC2)NC(=O)[C@H](CC2CCCCC2)NC(=O)[C@H](CC(C)C)NC(=O)[C@@H]2CCCN2C1=O,4.9542859410591324
CHEMBL5195672,11110.0,nM,CC(=O)N[C@@H](CCCNC(=N)N)C(=O)N[C@@H](CCCNC(=N)N)C(=O)N[C@H]1CSSC[C@@H](C(=O)N[C@@H](CCCNC(=N)N)C(=O)N[C@@H](CCCNC(=N)N)C(N)=O)NC(=O)[C@H](C(C)C)NC(=O)[C@@H]2CCCN2C(=O)[C@H](CC(=O)O)NC(=O)[C@H](Cc2ccc(O)cc2)NC(=O)[C@H](CO)NC(=O)[C@H](CCC(C)C)NC(=O)[C@H](CC2CCCCC2)NC(=O)[C@H](CC(C)C)NC(=O)[C@@H]2CCCN2C1=O,4.9542859410591324
CHEMBL5195518,251.0,nM,CC[C@H](C)[C@@H]1NC(=O)[C@H](Cc2ccc(O)cc2)NC(=O)[C@H](CC(C)C)NC(=O)[C@@H]2CCCN2C(=O)[C@@H](NC(=O)[C@H](CCCNC(=N)N)NC(=O)[C@H](CCCNC(=N)N)NC(C)=O)CSSC[C@@H](C(=O)N[C@@H](CCCNC(=N)N)C(=O)N[C@@H](CCCNC(=N)N)C(N)=O)NC(=O)[C@H](C(C)C)NC(=O)[C@@H]2CCCN2C(=O)[C@H](CC(=O)O)NC(=O)[C@H](C(c2ccccc2)c2ccccc2)NC(=O)[C@H](CO)NC1=O,6.600326278518962
CHEMBL5192424,193.0,nM,CC[C@H](C)[C@@H]1NC(=O)[C@H](Cc2ccc(O)cc2)NC(=O)[C@H](CC(C)C)NC(=O)[C@@H]2CCCN2C(=O)[C@@H](NC(=O)[C@H](CCCNC(=N)N)NC(=O)[C@H](CCCNC(=N)N)NC(C)=O)CSSC[C@@H](C(=O)N[C@@H](CCCNC(=N)N)C(=O)N[C@@H](CCCNC(=N)N)C(N)=O)NC(=O)[C@H](C(C)C)NC(=O)[C@@H]2CCCN2C(=O)[C@H](CC(=O)O)NC(=O)[C@H](Cc2cc(F)c(F)c(F)c2)NC(=O)[C@H](CO)NC1=O,6.714442690992226
CHEMBL5204425,1474.0,nM,CC[C@H](C)[C@@H]1NC(=O)[C@H](Cc2ccc(O)cc2)NC(=O)[C@H](CC(C)C)NC(=O)[C@@H]2CCCN2C(=O)[C@@H](NC(=O)[C@H](CCCNC(=N)N)NC(=O)[C@H](CCCNC(=N)N)NC(C)=O)CSSC[C@@H](C(=O)N[C@@H](CCCNC(=N)N)C(=O)N[C@@H](CCCNC(=N)N)C(N)=O)NC(=O)[C@H](C(C)C)NC(=O)[C@@H]2CCCN2C(=O)[C@H](CC(=O)O)NC(=O)[C@H](CC2CCCCC2)NC(=O)[C@H](CO)NC1=O,5.831502516476967
CHEMBL5171355,11110.0,nM,CC[C@H](C)[C@@H]1NC(=O)[C@H](Cc2ccc(O)cc2)NC(=O)[C@H](CC(C)C)NC(=O)[C@@H]2CCCN2C(=O)[C@@H](NC(=O)[C@H](CCCNC(=N)N)NC(=O)[C@H](CCCNC(=N)N)NC(C)=O)CSSC[C@@H](C(=O)N[C@@H](CCCNC(=N)N)C(=O)N[C@@H](CCCNC(=N)N)C(N)=O)NC(=O)[C@H](C(C)C)NC(=O)[C@@H]2CCCN2C(=O)[C@H](CC(=O)O)NC(=O)[C@H](C(c2ccccc2)c2ccccc2)NC(=O)[C@H](CCN)NC1=O,4.9542859410591324
CHEMBL5171019,11110.0,nM,CCCC[C@@H]1NC(=O)[C@H]([C@@H](C)CC)NC(=O)[C@H](Cc2ccc(O)cc2)NC(=O)[C@H](CC(C)C)NC(=O)[C@@H]2CCCN2C(=O)[C@@H](NC(=O)[C@H](CCCNC(=N)N)NC(=O)[C@H](CCCNC(=N)N)NC(C)=O)CSSC[C@@H](C(=O)N[C@@H](CCCNC(=N)N)C(=O)N[C@@H](CCCNC(=N)N)C(N)=O)NC(=O)[C@H](C(C)C)NC(=O)[C@@H]2CCCN2C(=O)[C@H](CC(=O)O)NC(=O)[C@H](Cc2ccc(O)cc2)NC1=O,4.9542859410591324
CHEMBL5206119,11110.0,nM,CCCC[C@@H]1NC(=O)[C@H]([C@@H](C)CC)NC(=O)[C@H](Cc2ccc(O)cc2)NC(=O)[C@H](CC(C)C)NC(=O)[C@@H]2CCCN2C(=O)[C@@H](NC(=O)[C@H](CCCNC(=N)N)NC(=O)[C@H](CCCNC(=N)N)NC(C)=O)CSSC[C@@H](C(=O)N[C@@H](CCCNC(=N)N)C(=O)N[C@@H](CCCNC(=N)N)C(N)=O)NC(=O)[C@H](C(C)C)NC(=O)[C@@H]2CCCN2C(=O)[C@H](CC(=O)O)NC(=O)[C@H](CC2CCCCC2)NC1=O,4.9542859410591324
CHEMBL5181204,2269.0,nM,CC[C@H](C)[C@@H]1NC(=O)[C@H](Cc2ccc(O)cc2)NC(=O)[C@H](CC(C)C)NC(=O)[C@@H]2CCCN2C(=O)[C@@H](NC(=O)[C@H](CCCNC(=N)N)NC(=O)[C@H](CCCNC(=N)N)NC(C)=O)CSSC[C@@H](C(=O)N[C@@H](CCCNC(=N)N)C(=O)N[C@@H](CCCNC(=N)N)C(N)=O)NC(=O)[C@H](C(C)C)NC(=O)[C@@H]2CCCN2C(=O)[C@H](CC(=O)O)NC(=O)[C@H](Cc2ccc(O)cc2)NC(=O)[C@H](Cc2cscn2)NC1=O,5.644165504115064
CHEMBL5202925,11110.0,nM,CC[C@H](C)[C@@H]1NC(=O)[C@H](Cc2ccc(O)cc2)NC(=O)[C@H](CC(C)C)NC(=O)[C@@H]2CCCN2C(=O)[C@@H](NC(=O)[C@H](CCCNC(=N)N)NC(=O)[C@H](CCCNC(=N)N)NC(C)=O)CSSC[C@@H](C(=O)N[C@@H](CCCNC(=N)N)C(=O)N[C@@H](CCCNC(=N)N)C(N)=O)NC(=O)[C@H](C(C)C)NC(=O)[C@@H]2CCCN2C(=O)[C@H](CC(=O)O)NC(=O)[C@H](Cc2cc(F)c(F)c(F)c2)NC(=O)[C@H](Cc2cscn2)NC1=O,4.9542859410591324
CHEMBL5206709,1133.0,nM,CC[C@H](C)[C@@H]1NC(=O)[C@@H](Cc2ccc(-c3ccccc3)cc2)C(=O)[C@H](COC)NC(=O)[C@@H]2CCCN2C(=O)[C@@H](NC(=O)[C@H](CCCNC(=N)N)NC(=O)[C@H](CCCNC(=N)N)NC(C)=O)CSSC[C@@H](C(=O)N[C@@H](CCCNC(=N)N)C(=O)N[C@@H](CCCNC(=N)N)C(N)=O)NC(=O)[C@H](C(C)C)NC(=O)[C@@H]2CCCN2C(=O)[C@H](CC(=O)O)NC(=O)[C@H](Cc2ccc(O)cc2)NC(=O)[C@H](CO)NC1=O,5.945770090136603
CHEMBL5205422,1.0,nM,C=CCO[C@H]1CCN2C(=O)[C@@H](NC(=O)[C@H](CCCNC(=N)N)NC(=O)[C@H](CCCNC(=N)N)NC(C)=O)CSSC[C@@H](C(=O)N[C@@H](CCCNC(=N)N)C(=O)N[C@@H](CCCNC(=N)N)C(N)=O)NC(=O)[C@H](C(C)C)NC(=O)[C@@H]3CCCN3C(=O)[C@H](CC(=O)O)NC(=O)[C@H](Cc3ccc(O)cc3)NC(=O)[C@H](CO)NC(=O)[C@H]([C@@H](C)CC)NC(=O)[C@H](Cc3ccc(-c4ccccc4)cc3)NC(=O)[C@H]12,9.0
CHEMBL5203513,2.0,nM,C=CCO[C@H]1CCN2C(=O)[C@@H](NC(=O)[C@H](CCCNC(=N)N)NC(=O)[C@H](CCCNC(=N)N)NC(C)=O)CSSC[C@@H](C(=O)N[C@@H](CCCNC(=N)N)C(=O)N[C@@H](CCCNC(=N)N)C(N)=O)NC(=O)[C@H](C(C)C)NC(=O)[C@@H]3CCCN3C(=O)[C@H](CC(=O)O)NC(=O)[C@H](Cc3ccc(O)cc3)NC(=O)[C@H](CO)NC(=O)[C@H]([C@@H](C)CC)NC(=O)[C@H](Cc3ccc(-c4ccccc4)cc3)NC(=O)[C@H](CC3CCC3)NC(=O)[C@H]12,8.698970004336019
CHEMBL5172805,1.0,nM,CC[C@H](C)[C@@H]1NC(=O)[C@H](Cc2ccc(-c3ccccc3)cc2)NC(=O)[C@H](CC(C)C)NC(=O)[C@@H]2[C@@H](c3ccccc3)CCN2C(=O)[C@@H](NC(=O)[C@H](CCCNC(=N)N)NC(=O)[C@H](CCCNC(=N)N)NC(C)=O)CSSC[C@@H](C(=O)N[C@@H](CCCNC(=N)N)C(=O)N[C@@H](CCCNC(=N)N)C(N)=O)NC(=O)[C@H](C(C)C)NC(=O)[C@@H]2CCCN2C(=O)[C@H](CC(=O)O)NC(=O)[C@H](Cc2ccc(O)cc2)NC(=O)[C@H](CO)NC1=O,9.0
CHEMBL5171215,7.0,nM,CC[C@H](C)[C@@H]1NC(=O)[C@H](Cc2ccc(-c3ccccc3)cc2)NC(=O)[C@H](CC2CCC2)NC(=O)[C@@H]2[C@@H](c3ccccc3)CCN2C(=O)[C@@H](NC(=O)[C@H](CCCNC(=N)N)NC(=O)[C@H](CCCNC(=N)N)NC(C)=O)CSSC[C@@H](C(=O)N[C@@H](CCCNC(=N)N)C(=O)N[C@@H](CCCNC(=N)N)C(N)=O)NC(=O)[C@H](C(C)C)NC(=O)[C@@H]2CCCN2C(=O)[C@H](CC(=O)O)NC(=O)[C@H](Cc2ccc(O)cc2)NC(=O)[C@H](CO)NC1=O,8.154901959985743
CHEMBL5176621,20.0,nM,CC[C@H](C)[C@@H]1NC(=O)[C@H](Cc2ccc(-c3ccccc3)cc2)NC(=O)[C@H](Cc2ccccc2)NC(=O)[C@@H]2[C@@H](c3ccccc3)CCN2C(=O)[C@@H](NC(=O)[C@H](CCCNC(=N)N)NC(=O)[C@H](CCCNC(=N)N)NC(C)=O)CSSC[C@@H](C(=O)N[C@@H](CCCNC(=N)N)C(=O)N[C@@H](CCCNC(=N)N)C(N)=O)NC(=O)[C@H](C(C)C)NC(=O)[C@@H]2CCCN2C(=O)[C@H](CC(=O)O)NC(=O)[C@H](Cc2ccc(O)cc2)NC(=O)[C@H](CO)NC1=O,7.698970004336019
CHEMBL5204036,201.0,nM,CC[C@H](C)[C@@H]1NC(=O)[C@H](Cc2ccc(-c3ccccc3)cc2)NC(=O)[C@H](CC(C)C)NC(=O)[C@@H]2[C@H]3CC[C@H](C3)N2C(=O)[C@@H](NC(=O)[C@H](CCCNC(=N)N)NC(=O)[C@H](CCCNC(=N)N)NC(C)=O)CSSC[C@@H](C(=O)N[C@@H](CCCNC(=N)N)C(=O)N[C@@H](CCCNC(=N)N)C(N)=O)NC(=O)[C@H](C(C)C)NC(=O)[C@@H]2CCCN2C(=O)[C@H](CC(=O)O)NC(=O)[C@H](Cc2ccc(O)cc2)NC(=O)[C@H](CO)NC1=O,6.696803942579511
CHEMBL5200027,5.0,nM,CCCCC[C@@H]1NC(=O)[C@@H]2CCCN2C(=O)[C@H](CC(=O)O)NC(=O)[C@H](Cc2ccc(O)cc2)NC(=O)[C@H](CO)NC(=O)[C@H]([C@@H](C)CC)NC(=O)[C@H](Cc2ccc(-c3ccccc3)cc2)NC(=O)[C@H](CC(C)C)NC(=O)[C@@H]2CCCN2C(=O)[C@@H](NC(=O)[C@H](CCCNC(=N)N)NC(=O)[C@H](CCCNC(=N)N)NC(C)=O)CSSC[C@@H](C(=O)N[C@@H](CCCNC(=N)N)C(=O)N[C@@H](CCCNC(=N)N)C(N)=O)NC1=O,8.301029995663981
CHEMBL5170078,24.0,nM,CC[C@H](C)[C@@H]1NC(=O)[C@H](Cc2ccc(-c3ccccc3)cc2)NC(=O)[C@H](CC(C)C)NC(=O)[C@@H]2CCCN2C(=O)[C@@H](NC(=O)[C@H](CCCNC(=N)N)NC(=O)[C@H](CCCNC(=N)N)NC(C)=O)CSSC[C@@H](C(=O)N[C@@H](CCCNC(=N)N)C(=O)N[C@@H](CCCNC(=N)N)C(N)=O)NC(=O)[C@H](CCC#N)NC(=O)[C@@H]2CCCN2C(=O)[C@H](CC(=O)O)NC(=O)[C@H](Cc2ccc(O)cc2)NC(=O)[C@H](CO)NC1=O,7.619788758288394
CHEMBL5185153,43.0,nM,CC[C@H](C)[C@@H]1NC(=O)[C@H](Cc2ccc(-c3ccccc3)cc2)NC(=O)[C@H](CC(C)C)NC(=O)[C@@H]2CCCN2C(=O)[C@@H](NC(=O)[C@H](CCCNC(=N)N)NC(=O)[C@H](CCCNC(=N)N)NC(C)=O)CSSC[C@@H](C(=O)N[C@@H](CCCNC(=N)N)C(=O)N[C@@H](CCCNC(=N)N)C(N)=O)NC(=O)[C@H](CCCC(=O)O)NC(=O)[C@@H]2[C@@H](C)CCN2C(=O)[C@H](CC(=O)O)NC(=O)[C@H](Cc2ccc(O)cc2)NC(=O)[C@H](CO)NC1=O,7.366531544420414
CHEMBL5198497,23.0,nM,CCCCC[C@@H]1NC(=O)[C@@H]2C[C@H](OCC(=O)O)CN2C(=O)[C@H](CC(=O)O)NC(=O)[C@H](Cc2ccc(O)cc2)NC(=O)[C@H](CO)NC(=O)[C@H]([C@@H](C)CC)NC(=O)[C@H](Cc2ccc(-c3ccccc3)cc2)NC(=O)[C@H](CC(C)C)NC(=O)[C@@H]2CCCN2C(=O)[C@@H](NC(=O)[C@H](CCCNC(=N)N)NC(=O)[C@H](CCCNC(=N)N)NC(C)=O)CSSC[C@@H](C(=O)N[C@@H](CCCNC(=N)N)C(=O)N[C@@H](CCCNC(=N)N)C(N)=O)NC1=O,7.638272163982407
CHEMBL5200054,25.0,nM,CC[C@H](C)[C@@H]1NC(=O)[C@H](Cc2ccc(-c3ccccc3)cc2)NC(=O)[C@H](CC(C)C)NC(=O)[C@@H]2CCCN2C(=O)[C@@H](NC(=O)[C@H](CCCNC(=N)N)NC(=O)[C@H](CCCNC(=N)N)NC(C)=O)CSSC[C@@H](C(=O)N[C@@H](CCCNC(=N)N)C(=O)N[C@@H](CCCNC(=N)N)C(N)=O)NC(=O)[C@H](CC2CCCCC2)NC(=O)[C@@H]2C[C@H](OCC(=O)O)CN2C(=O)[C@H](CC(=O)O)NC(=O)[C@H](Cc2ccc(O)cc2)NC(=O)[C@H](CO)NC1=O,7.6020599913279625
CHEMBL5185461,33.0,nM,CC[C@H](C)[C@@H]1NC(=O)[C@H](Cc2ccc(-c3ccccc3)cc2)NC(=O)[C@H](CC(C)C)NC(=O)[C@@H]2CCCN2C(=O)[C@@H](NC(=O)[C@H](CCCNC(=N)N)NC(=O)[C@H](CCCNC(=N)N)NC(C)=O)CSSC[C@@H](C(=O)N[C@@H](CCCNC(=N)N)C(=O)N[C@@H](CCCNC(=N)N)C(N)=O)NC(=O)[C@H](Cc2ccc(Cl)cc2)NC(=O)[C@@H]2C[C@H](OCC(=O)O)CN2C(=O)[C@H](CC(=O)O)NC(=O)[C@H](Cc2ccc(O)cc2)NC(=O)[C@H](CO)NC1=O,7.481486060122112
CHEMBL5193444,94.0,nM,CC[C@H](C)[C@@H]1NC(=O)[C@H](Cc2ccc(-c3ccccc3)cc2)NC(=O)[C@H](CC(C)C)NC(=O)[C@@H]2CCCN2C(=O)[C@@H](NC(=O)[C@H](CCCNC(=N)N)NC(=O)[C@H](CCCNC(=N)N)NC(C)=O)CSSC[C@@H](C(=O)N[C@@H](CCCNC(=N)N)C(=O)N[C@@H](CCCNC(=N)N)C(N)=O)NC(=O)[C@H](C(C)C)NC(=O)[C@@H]2CC[C@@H](c3ccccc3)N2C(=O)[C@H](CC(=O)O)NC(=O)[C@H](Cc2ccc(O)cc2)NC(=O)[C@H](CO)NC1=O,7.026872146400302
CHEMBL5182829,1.0,nM,CC[C@H](C)[C@@H]1NC(=O)[C@H](Cc2ccc(-c3ccccc3)cc2)NC(=O)[C@H](CC(C)C)NC(=O)[C@@H]2[C@@H](c3ccccc3)CCN2CC(=O)[C@@H](NC(=O)[C@H](CCCNC(=N)N)NC(=O)[C@H](CCCNC(=N)N)NC(C)=O)CSSC[C@@H](C(=O)N[C@@H](CCCNC(=N)N)C(=O)N[C@@H](CCCNC(=N)N)C(N)=O)NC(=O)[C@H](C(C)C)NC(=O)[C@@H]2CCCN2C(=O)[C@H](CC(=O)O)NC(=O)[C@H](Cc2ccc(O)cc2)NC(=O)[C@H](CO)NC1=O,9.0
CHEMBL5189930,1.0,nM,C=CC[C@H]1CCN2CC(=O)[C@@H](NC(=O)[C@H](CCCNC(=N)N)NC(=O)[C@H](CCCNC(=N)N)NC(C)=O)CSSC[C@@H](C(=O)N[C@@H](CCCNC(=N)N)C(=O)N[C@@H](CCCNC(=N)N)C(N)=O)NC(=O)[C@H](C(C)C)NC(=O)[C@@H]3CCCN3C(=O)[C@H](CC(=O)O)NC(=O)[C@H](Cc3ccc(O)cc3)NC(=O)[C@H](CO)NC(=O)[C@H]([C@@H](C)CC)NC(=O)[C@H](Cc3ccc(-c4ccccc4)cc3)NC(=O)[C@H](CC(C)C)NC(=O)[C@H]12,9.0
CHEMBL5172862,1.0,nM,CCCCC[C@@H]1NC(=O)[C@@H]2CCCN2C(=O)[C@H](CC(=O)O)NC(=O)[C@H](Cc2ccc(O)cc2)NC(=O)[C@H](CO)NC(=O)[C@H]([C@@H](C)CC)NC(=O)[C@H](Cc2ccc(-c3ccccc3)cc2)NC(=O)[C@H](CC(C)C)NC(=O)[C@@H]2[C@@H](c3ccccc3)CCN2CC(=O)[C@@H](NC(=O)[C@H](CCCNC(=N)N)NC(=O)[C@H](CCCNC(=N)N)NC(C)=O)CSSC[C@@H](C(=O)N[C@@H](CCCNC(=N)N)C(=O)N[C@@H](CCCNC(=N)N)C(N)=O)NC1=O,9.0
CHEMBL5177687,1.0,nM,C=CC[C@H]1CCN2CC(=O)[C@@H](NC(=O)[C@H](CCCNC(=N)N)NC(=O)[C@H](CCCNC(=N)N)NC(C)=O)CSSC[C@@H](C(=O)N[C@@H](CCCNC(=N)N)C(=O)N[C@@H](CCCNC(=N)N)C(N)=O)NC(=O)[C@H](CCCCC)NC(=O)[C@@H]3CCCN3C(=O)[C@H](CC(=O)O)NC(=O)[C@H](Cc3ccc(O)cc3)NC(=O)[C@H](CO)NC(=O)[C@H]([C@@H](C)CC)NC(=O)[C@H](Cc3ccc(-c4ccccc4)cc3)NC(=O)[C@H](CC(C)C)NC(=O)[C@H]12,9.0
CHEMBL5175409,1.0,nM,CC[C@H](C)[C@@H]1NC(=O)[C@H](Cc2ccc(-c3ccccc3)cc2)NC(=O)[C@H](CC(C)C)NC(=O)[C@@H]2[C@H](c3ccccc3)CCN2C(=O)[C@@H](NC(=O)[C@H](CCCNC(=N)N)NC(=O)[C@H](CCCNC(=N)N)NC(=O)[C@H](CCCCN=[N+]=[N-])NC(C)=O)CSSC[C@@H](C(=O)N[C@@H](CCCNC(=N)N)C(=O)N[C@@H](CCCNC(=N)N)C(N)=O)NC(=O)[C@H](C(C)C)NC(=O)[C@@H]2CCCN2C(=O)[C@H](CC(=O)O)NC(=O)[C@H](Cc2ccc(O)cc2)NC(=O)[C@H](CO)NC1=O,9.0
CHEMBL5185010,1.0,nM,CC[C@H](C)[C@@H]1NC(=O)[C@H](Cc2ccc(-c3ccccc3)cc2)NC(=O)[C@H](CC(C)C)NC(=O)[C@@H]2[C@H](c3ccccc3)CCN2C(=O)[C@@H](NC(=O)[C@H](CCCNC(=N)N)NC(=O)[C@H](CCCNC(=N)N)NC(C)=O)CSSC[C@@H](C(=O)N[C@@H](CCCNC(=N)N)C(=O)N[C@@H](CCCNC(=N)N)C(N)=O)NC(=O)[C@H](C(C)C)NC(=O)[C@@H]2CCCN2C(=O)[C@H](CC(=O)O)NC(=O)[C@H](Cc2ccc(O)cc2)NC(=O)[C@H](CO)NC(=O)[C@H](C)NC1=O,9.0
CHEMBL5175141,1.0,nM,CC(=O)N[C@@H](CCCCN=[N+]=[N-])C(=O)N[C@@H](CCCNC(=N)N)C(=O)N[C@@H](CCCNC(=N)N)C(=O)N[C@H]1CSSC[C@@H](C(=O)N[C@@H](CCCNC(=N)N)C(=O)N[C@@H](CCCNC(=N)N)C(N)=O)NC(=O)[C@H](C(C)C)NC(=O)[C@@H]2CCCN2C(=O)[C@H](CC(=O)O)NC(=O)[C@H](Cc2ccc(O)cc2)NC(=O)[C@H](CO)NC(=O)[C@H](C)NC(=O)[C@H](Cc2ccc(-c3ccccc3)cc2)NC(=O)[C@H](CC(C)C)NC(=O)[C@@H]2[C@@H](c3ccccc3)CCN2C1=O,9.0
CHEMBL5182829,3300.0,nM,CC[C@H](C)[C@@H]1NC(=O)[C@H](Cc2ccc(-c3ccccc3)cc2)NC(=O)[C@H](CC(C)C)NC(=O)[C@@H]2[C@@H](c3ccccc3)CCN2CC(=O)[C@@H](NC(=O)[C@H](CCCNC(=N)N)NC(=O)[C@H](CCCNC(=N)N)NC(C)=O)CSSC[C@@H](C(=O)N[C@@H](CCCNC(=N)N)C(=O)N[C@@H](CCCNC(=N)N)C(N)=O)NC(=O)[C@H](C(C)C)NC(=O)[C@@H]2CCCN2C(=O)[C@H](CC(=O)O)NC(=O)[C@H](Cc2ccc(O)cc2)NC(=O)[C@H](CO)NC1=O,5.481486060122113
CHEMBL5189930,28000.0,nM,C=CC[C@H]1CCN2CC(=O)[C@@H](NC(=O)[C@H](CCCNC(=N)N)NC(=O)[C@H](CCCNC(=N)N)NC(C)=O)CSSC[C@@H](C(=O)N[C@@H](CCCNC(=N)N)C(=O)N[C@@H](CCCNC(=N)N)C(N)=O)NC(=O)[C@H](C(C)C)NC(=O)[C@@H]3CCCN3C(=O)[C@H](CC(=O)O)NC(=O)[C@H](Cc3ccc(O)cc3)NC(=O)[C@H](CO)NC(=O)[C@H]([C@@H](C)CC)NC(=O)[C@H](Cc3ccc(-c4ccccc4)cc3)NC(=O)[C@H](CC(C)C)NC(=O)[C@H]12,4.552841968657781
CHEMBL5172862,6800.0,nM,CCCCC[C@@H]1NC(=O)[C@@H]2CCCN2C(=O)[C@H](CC(=O)O)NC(=O)[C@H](Cc2ccc(O)cc2)NC(=O)[C@H](CO)NC(=O)[C@H]([C@@H](C)CC)NC(=O)[C@H](Cc2ccc(-c3ccccc3)cc2)NC(=O)[C@H](CC(C)C)NC(=O)[C@@H]2[C@@H](c3ccccc3)CCN2CC(=O)[C@@H](NC(=O)[C@H](CCCNC(=N)N)NC(=O)[C@H](CCCNC(=N)N)NC(C)=O)CSSC[C@@H](C(=O)N[C@@H](CCCNC(=N)N)C(=O)N[C@@H](CCCNC(=N)N)C(N)=O)NC1=O,5.167491087293763
CHEMBL5177687,30000.0,nM,C=CC[C@H]1CCN2CC(=O)[C@@H](NC(=O)[C@H](CCCNC(=N)N)NC(=O)[C@H](CCCNC(=N)N)NC(C)=O)CSSC[C@@H](C(=O)N[C@@H](CCCNC(=N)N)C(=O)N[C@@H](CCCNC(=N)N)C(N)=O)NC(=O)[C@H](CCCCC)NC(=O)[C@@H]3CCCN3C(=O)[C@H](CC(=O)O)NC(=O)[C@H](Cc3ccc(O)cc3)NC(=O)[C@H](CO)NC(=O)[C@H]([C@@H](C)CC)NC(=O)[C@H](Cc3ccc(-c4ccccc4)cc3)NC(=O)[C@H](CC(C)C)NC(=O)[C@H]12,4.522878745280337
CHEMBL5175409,2700.0,nM,CC[C@H](C)[C@@H]1NC(=O)[C@H](Cc2ccc(-c3ccccc3)cc2)NC(=O)[C@H](CC(C)C)NC(=O)[C@@H]2[C@H](c3ccccc3)CCN2C(=O)[C@@H](NC(=O)[C@H](CCCNC(=N)N)NC(=O)[C@H](CCCNC(=N)N)NC(=O)[C@H](CCCCN=[N+]=[N-])NC(C)=O)CSSC[C@@H](C(=O)N[C@@H](CCCNC(=N)N)C(=O)N[C@@H](CCCNC(=N)N)C(N)=O)NC(=O)[C@H](C(C)C)NC(=O)[C@@H]2CCCN2C(=O)[C@H](CC(=O)O)NC(=O)[C@H](Cc2ccc(O)cc2)NC(=O)[C@H](CO)NC1=O,5.568636235841013
CHEMBL5185010,3800.0,nM,CC[C@H](C)[C@@H]1NC(=O)[C@H](Cc2ccc(-c3ccccc3)cc2)NC(=O)[C@H](CC(C)C)NC(=O)[C@@H]2[C@H](c3ccccc3)CCN2C(=O)[C@@H](NC(=O)[C@H](CCCNC(=N)N)NC(=O)[C@H](CCCNC(=N)N)NC(C)=O)CSSC[C@@H](C(=O)N[C@@H](CCCNC(=N)N)C(=O)N[C@@H](CCCNC(=N)N)C(N)=O)NC(=O)[C@H](C(C)C)NC(=O)[C@@H]2CCCN2C(=O)[C@H](CC(=O)O)NC(=O)[C@H](Cc2ccc(O)cc2)NC(=O)[C@H](CO)NC(=O)[C@H](C)NC1=O,5.42021640338319
CHEMBL5175141,6200.0,nM,CC(=O)N[C@@H](CCCCN=[N+]=[N-])C(=O)N[C@@H](CCCNC(=N)N)C(=O)N[C@@H](CCCNC(=N)N)C(=O)N[C@H]1CSSC[C@@H](C(=O)N[C@@H](CCCNC(=N)N)C(=O)N[C@@H](CCCNC(=N)N)C(N)=O)NC(=O)[C@H](C(C)C)NC(=O)[C@@H]2CCCN2C(=O)[C@H](CC(=O)O)NC(=O)[C@H](Cc2ccc(O)cc2)NC(=O)[C@H](CO)NC(=O)[C@H](C)NC(=O)[C@H](Cc2ccc(-c3ccccc3)cc2)NC(=O)[C@H](CC(C)C)NC(=O)[C@@H]2[C@@H](c3ccccc3)CCN2C1=O,5.207608310501746
CHEMBL5182829,33000.0,nM,CC[C@H](C)[C@@H]1NC(=O)[C@H](Cc2ccc(-c3ccccc3)cc2)NC(=O)[C@H](CC(C)C)NC(=O)[C@@H]2[C@@H](c3ccccc3)CCN2CC(=O)[C@@H](NC(=O)[C@H](CCCNC(=N)N)NC(=O)[C@H](CCCNC(=N)N)NC(C)=O)CSSC[C@@H](C(=O)N[C@@H](CCCNC(=N)N)C(=O)N[C@@H](CCCNC(=N)N)C(N)=O)NC(=O)[C@H](C(C)C)NC(=O)[C@@H]2CCCN2C(=O)[C@H](CC(=O)O)NC(=O)[C@H](Cc2ccc(O)cc2)NC(=O)[C@H](CO)NC1=O,4.481486060122113
CHEMBL5189930,50000.0,nM,C=CC[C@H]1CCN2CC(=O)[C@@H](NC(=O)[C@H](CCCNC(=N)N)NC(=O)[C@H](CCCNC(=N)N)NC(C)=O)CSSC[C@@H](C(=O)N[C@@H](CCCNC(=N)N)C(=O)N[C@@H](CCCNC(=N)N)C(N)=O)NC(=O)[C@H](C(C)C)NC(=O)[C@@H]3CCCN3C(=O)[C@H](CC(=O)O)NC(=O)[C@H](Cc3ccc(O)cc3)NC(=O)[C@H](CO)NC(=O)[C@H]([C@@H](C)CC)NC(=O)[C@H](Cc3ccc(-c4ccccc4)cc3)NC(=O)[C@H](CC(C)C)NC(=O)[C@H]12,4.301029995663981
CHEMBL5172862,29000.0,nM,CCCCC[C@@H]1NC(=O)[C@@H]2CCCN2C(=O)[C@H](CC(=O)O)NC(=O)[C@H](Cc2ccc(O)cc2)NC(=O)[C@H](CO)NC(=O)[C@H]([C@@H](C)CC)NC(=O)[C@H](Cc2ccc(-c3ccccc3)cc2)NC(=O)[C@H](CC(C)C)NC(=O)[C@@H]2[C@@H](c3ccccc3)CCN2CC(=O)[C@@H](NC(=O)[C@H](CCCNC(=N)N)NC(=O)[C@H](CCCNC(=N)N)NC(C)=O)CSSC[C@@H](C(=O)N[C@@H](CCCNC(=N)N)C(=O)N[C@@H](CCCNC(=N)N)C(N)=O)NC1=O,4.5376020021010435
CHEMBL5177687,50000.0,nM,C=CC[C@H]1CCN2CC(=O)[C@@H](NC(=O)[C@H](CCCNC(=N)N)NC(=O)[C@H](CCCNC(=N)N)NC(C)=O)CSSC[C@@H](C(=O)N[C@@H](CCCNC(=N)N)C(=O)N[C@@H](CCCNC(=N)N)C(N)=O)NC(=O)[C@H](CCCCC)NC(=O)[C@@H]3CCCN3C(=O)[C@H](CC(=O)O)NC(=O)[C@H](Cc3ccc(O)cc3)NC(=O)[C@H](CO)NC(=O)[C@H]([C@@H](C)CC)NC(=O)[C@H](Cc3ccc(-c4ccccc4)cc3)NC(=O)[C@H](CC(C)C)NC(=O)[C@H]12,4.301029995663981
CHEMBL5175409,19000.0,nM,CC[C@H](C)[C@@H]1NC(=O)[C@H](Cc2ccc(-c3ccccc3)cc2)NC(=O)[C@H](CC(C)C)NC(=O)[C@@H]2[C@H](c3ccccc3)CCN2C(=O)[C@@H](NC(=O)[C@H](CCCNC(=N)N)NC(=O)[C@H](CCCNC(=N)N)NC(=O)[C@H](CCCCN=[N+]=[N-])NC(C)=O)CSSC[C@@H](C(=O)N[C@@H](CCCNC(=N)N)C(=O)N[C@@H](CCCNC(=N)N)C(N)=O)NC(=O)[C@H](C(C)C)NC(=O)[C@@H]2CCCN2C(=O)[C@H](CC(=O)O)NC(=O)[C@H](Cc2ccc(O)cc2)NC(=O)[C@H](CO)NC1=O,4.721246399047171
CHEMBL5185010,3900.0,nM,CC[C@H](C)[C@@H]1NC(=O)[C@H](Cc2ccc(-c3ccccc3)cc2)NC(=O)[C@H](CC(C)C)NC(=O)[C@@H]2[C@H](c3ccccc3)CCN2C(=O)[C@@H](NC(=O)[C@H](CCCNC(=N)N)NC(=O)[C@H](CCCNC(=N)N)NC(C)=O)CSSC[C@@H](C(=O)N[C@@H](CCCNC(=N)N)C(=O)N[C@@H](CCCNC(=N)N)C(N)=O)NC(=O)[C@H](C(C)C)NC(=O)[C@@H]2CCCN2C(=O)[C@H](CC(=O)O)NC(=O)[C@H](Cc2ccc(O)cc2)NC(=O)[C@H](CO)NC(=O)[C@H](C)NC1=O,5.4089353929735005
CHEMBL5175141,6800.0,nM,CC(=O)N[C@@H](CCCCN=[N+]=[N-])C(=O)N[C@@H](CCCNC(=N)N)C(=O)N[C@@H](CCCNC(=N)N)C(=O)N[C@H]1CSSC[C@@H](C(=O)N[C@@H](CCCNC(=N)N)C(=O)N[C@@H](CCCNC(=N)N)C(N)=O)NC(=O)[C@H](C(C)C)NC(=O)[C@@H]2CCCN2C(=O)[C@H](CC(=O)O)NC(=O)[C@H](Cc2ccc(O)cc2)NC(=O)[C@H](CO)NC(=O)[C@H](C)NC(=O)[C@H](Cc2ccc(-c3ccccc3)cc2)NC(=O)[C@H](CC(C)C)NC(=O)[C@@H]2[C@@H](c3ccccc3)CCN2C1=O,5.167491087293763
CHEMBL2086790,500.0,nM,O=S(=O)(NCCOc1ccc2ccccc2c1)c1ccc(NO)cc1,6.301029995663981
CHEMBL2086789,700.0,nM,O=S(=O)(c1ccc(NO)cc1)N(CCOc1ccc2ccccc2c1)[C@@H]1O[C@H](CO)[C@@H](O)[C@H](O)[C@H]1O,6.154901959985743
CHEMBL5176540,500.0,nM,Nc1nc2c(ncn2CCN(CCOc2ccc3ccccc3c2)S(=O)(=O)c2ccc(NO)cc2)c(=O)[nH]1,6.301029995663981
CHEMBL5178832,726.0,nM,C=CC(=O)N1CCN(c2nc(NCCC(=O)N(C)C)nc3c(F)c(-c4cc(O)cc5ccccc45)c(Cl)cc23)CC1,6.139063379299906
CHEMBL285848,3580.0,nM,CCCC[C@@H](C)/C=C(C)/C=C(\C)C(=O)NC1=C[C@@](O)(/C=C/C=C/C=C/C(=O)NC2=C(O)CCC2=O)[C@@H]2O[C@@H]2C1=O,5.446116973356125
CHEMBL5191267,25000.0,nM,CSCC[C@H](CC(=O)[C@H](/C=C\[C@@H](/C=C/[C@@H](N)CS)C(C)C)Cc1ccccc1)C(=O)O,4.6020599913279625
CHEMBL351706,2300.0,nM,N#Cc1ccc2c(c1)CN(S(=O)(=O)c1cccs1)[C@H](Cc1ccccc1)CN2Cc1c[nH]cn1,5.638272163982407
CHEMBL351706,8.4,nM,N#Cc1ccc2c(c1)CN(S(=O)(=O)c1cccs1)[C@H](Cc1ccccc1)CN2Cc1c[nH]cn1,8.075720713938118
CHEMBL4476113,1700.0,nM,C=CC(=O)N1CC(N2CCN(C(=O)CNc3cc(C4(C)CC4)c(Cl)cc3O)CC2)C1,5.769551078621726
CHEMBL4214264,120.0,nM,C=CC(=O)N1CCN(c2ncnc3c(F)c(-c4c(O)cccc4F)c(Cl)cc23)CC1,6.920818753952375
CHEMBL351706,8.4,nM,N#Cc1ccc2c(c1)CN(S(=O)(=O)c1cccs1)[C@H](Cc1ccccc1)CN2Cc1c[nH]cn1,8.075720713938118
CHEMBL4535757,9.66,nM,C=CC(=O)N1CCN(c2nc(=O)n(-c3c(C)ccnc3C(C)C)c3nc(-c4c(O)cccc4F)c(F)cc23)[C@@H](C)C1,8.015022873584506
CHEMBL5206068,96.32,nM,CC=C(C#N)C(=O)N1CCN(c2nc(OC[C@@H]3CCCN3C)nc3c2CCN(c2cccc4cccc(Cl)c24)C3)C[C@@H]1CC#N,7.016283526086251
CHEMBL5205064,270.88,nM,CCC=C(C#N)C(=O)N1CCN(c2nc(OC[C@@H]3CCCN3C)nc3c2CCN(c2cccc4cccc(Cl)c24)C3)C[C@@H]1CC#N,6.56722305923514
CHEMBL5194712,283.84,nM,CC(C)C=C(C#N)C(=O)N1CCN(c2nc(OC[C@@H]3CCCN3C)nc3c2CCN(c2cccc4cccc(Cl)c24)C3)C[C@@H]1CC#N,6.546926401848368
CHEMBL5171974,25.44,nM,CN1CCC[C@H]1COc1nc2c(c(N3CCN(C(=O)C(C#N)=CC4CC4)[C@@H](CC#N)C3)n1)CCN(c1cccc3cccc(Cl)c13)C2,7.594482893023624
CHEMBL5185805,639.91,nM,CN1CCC[C@H]1COc1nc2c(c(N3CCN(C(=O)C(C#N)=CC(C)(C)C)[C@@H](CC#N)C3)n1)CCN(c1cccc3cccc(Cl)c13)C2,6.193881102972204
CHEMBL5183988,3.0,nM,C=CC(=O)N1C[C@@H]2CCOc3c(Cl)c(-c4c(O)cccc4F)c(F)c4ncnc(c34)N2C[C@H]1C,8.522878745280337
CHEMBL4536127,496.0,nM,C=CC(=O)N1CCN(c2ncnc3cc(-c4c(C)ccc5[nH]ncc45)c(Cl)cc23)CC1,6.304518323509803
CHEMBL4475526,82.0,nM,C=CC(=O)N1CCN2c3ncnc4cc(-c5c(C)ccc6[nH]ncc56)c(Cl)c(c34)OC[C@@H]2C1,7.086186147616283
CHEMBL4475526,27090.0,nM,C=CC(=O)N1CCN2c3ncnc4cc(-c5c(C)ccc6[nH]ncc56)c(Cl)c(c34)OC[C@@H]2C1,4.567190994966832
CHEMBL5185314,171.0,nM,C=CC(=O)N1CCN2c3ncnc4cc(-c5c(C)ccc6[nH]ncc56)c(Cl)c(c34)OC[C@H]2C1,6.767003889607846
CHEMBL5185314,17784.0,nM,C=CC(=O)N1CCN2c3ncnc4cc(-c5c(C)ccc6[nH]ncc56)c(Cl)c(c34)OC[C@H]2C1,4.749970550309066
CHEMBL5172544,15460.0,nM,C=CC(=O)N1CCN2c3ncnc4cc(-c5c(C)ccc6[nH]ncc56)c(Cl)c(c34)OCC[C@@H]2C1,4.810790510417694
CHEMBL5171553,9.0,nM,C=CC(=O)N1CCN2c3ncnc4cc(-c5c(C)ccc6[nH]ncc56)c(Cl)c(c34)OCC[C@H]2C1,8.045757490560675
CHEMBL4452819,19.0,nM,C=CC(=O)N1CCN2c3ncnc4c(F)c(-c5c(O)cccc5F)c(Cl)c(c34)OC[C@@H]2C1,7.721246399047171
CHEMBL5192093,117.0,nM,C=CC(=O)N1C[C@H]2COc3c(Cl)c(-c4c(O)cccc4F)c(F)c4ncnc(c34)N2C[C@H]1C,6.931814138253839
CHEMBL5190874,135.0,nM,C=CC(=O)N1C[C@H]2COc3c(Cl)c(-c4c(O)cccc4F)c(F)c4ncnc(c34)N2C[C@@H]1C,6.8696662315049934
CHEMBL5192093,64.0,nM,C=CC(=O)N1C[C@H]2COc3c(Cl)c(-c4c(O)cccc4F)c(F)c4ncnc(c34)N2C[C@H]1C,7.1938200260161125
CHEMBL5207711,5.0,nM,C=CC(=O)N1CCN2c3ncnc4c(F)c(-c5c(O)cccc5F)c(Cl)c(c34)OCC[C@H]2C1,8.301029995663981
CHEMBL5173371,138.0,nM,C=CC(=O)N1C[C@@H]2CCOc3c(Cl)c(-c4c(O)cccc4F)c(F)c4ncnc(c34)N2C[C@@H]1C,6.860120913598763
CHEMBL5266172,500.0,nM,C=CC(=O)Nc1ccc(-n2nc(C(C)C)c(-c3c(C)ccc4[nH]ncc34)c2C)c(F)c1,6.301029995663981
CHEMBL5269632,1500.0,nM,C=CC(=O)Nc1ccc(-n2nc(C(C)C)c(-c3c(C)ccc4[nH]ncc34)c2C)c(C)c1,5.823908740944319
CHEMBL5283602,3900.0,nM,C=CC(=O)N1CC2(CC(n3nc(C(C)C)c(-c4c(C)ccc5[nH]ncc45)c3C)C2)C1,5.4089353929735005
CHEMBL5291136,700.0,nM,C=CC(=O)N1CC2(CC(n3nc(C4CCCCC4)c(-c4c(Cl)ccc5[nH]ncc45)c3C)C2)C1,6.154901959985743
CHEMBL5290313,500.0,nM,C=CC(=O)N1CC2(CC(n3nc(-c4cccnc4)c(-c4c(Cl)ccc5[nH]ncc45)c3C)C2)C1,6.301029995663981
CHEMBL5267790,90.0,nM,C=CC(=O)N1CC2(CC(n3nc(-c4cccnc4)c(-c4c(Cl)c(C)cc5[nH]ncc45)c3C)C2)C1,7.045757490560675
CHEMBL5272753,20.0,nM,C=CC(=O)N1CC2(CC(n3nc(-c4ccccc4)c(-c4c(Cl)c(C)cc5[nH]ncc45)c3C)C2)C1,7.698970004336019
CHEMBL5287837,20.0,nM,C=CC(=O)N1CC2(CC(n3nc(-c4ccc5[nH]ncc5c4)c(-c4c(Cl)c(C)cc5[nH]ncc45)c3C)C2)C1,7.698970004336019
CHEMBL5289194,50.0,nM,C=CC(=O)N1CC2(CC(n3nc(-c4ccc5cn[nH]c5c4)c(-c4c(Cl)c(C)cc5[nH]ncc45)c3C)C2)C1,7.301029995663981
CHEMBL5291208,140.0,nM,C=CC(=O)N1CC2(CC(n3nc(-c4ccc5c(c4)ncn5C)c(-c4c(Cl)c(C)cc5[nH]ncc45)c3C)C2)C1,6.853871964321762
CHEMBL5077861,20.0,nM,C=CC(=O)N1CC2(CC(n3nc(-c4ccc5c(cnn5C)c4)c(-c4c(Cl)c(C)cc5[nH]ncc45)c3C)C2)C1,7.698970004336019
CHEMBL5291301,30.0,nM,C=CC(=O)N1CC2(CC(n3nc(-c4ccc5c(cnn5CCN(C)C)c4)c(-c4c(Cl)c(C)cc5[nH]ncc45)c3C)C2)C1,7.522878745280337
CHEMBL5271997,10.0,nM,C=CC(=O)N1CC2(CC(n3nc(-c4ccc5nn(CCN6CCOCC6)cc5c4)c(-c4c(Cl)c(C)cc5[nH]ncc45)c3C)C2)C1,8.0
CHEMBL5281254,8.0,nM,C=CC(=O)N1CC2(CC(n3nc(-c4ccc5c(cnn5CCOC)c4)c(-c4c(Cl)c(C)cc5[nH]ncc45)c3C)C2)C1,8.096910013008056
CHEMBL5267907,4.0,nM,C=CC(=O)N1CC2(CC(n3nc(-c4ccc5nn(CCOC)cc5c4)c(-c4c(Cl)c(C)cc5[nH]ncc45)c3C)C2)C1,8.397940008672037
CHEMBL4476113,1600.0,nM,C=CC(=O)N1CC(N2CCN(C(=O)CNc3cc(C4(C)CC4)c(Cl)cc3O)CC2)C1,5.795880017344075
CHEMBL4293433,100000.0,nM,C=CC(=O)N1CCN(C(=O)CNc2cc(I)c(Cl)cc2O)CC1,4.0
CHEMBL5269554,50000.0,nM,C=CC(=O)N1CC(N2CCN(C(=O)CNc3cc(Cl)c(Cl)cc3O)CC2)C1,4.301029995663981
CHEMBL4214264,120.0,nM,C=CC(=O)N1CCN(c2ncnc3c(F)c(-c4c(O)cccc4F)c(Cl)cc23)CC1,6.920818753952375
CHEMBL5290757,1.0,nM,Oc1cc(Cl)c(C(F)(F)F)c(-c2ncc3c(N4CC5CCC4CN5)nc(OCC45CCCN4CCC5)nc3c2F)c1,9.0
CHEMBL5273771,1.0,nM,Oc1ccc(C(F)(F)F)c(-c2ncc3c(N4CC5CCC4CN5)nc(OCC45CCCN4CCC5)nc3c2F)c1,9.0
CHEMBL5273942,50.0,nM,Oc1cc(Cl)c(C2CC2)c(-c2ncc3c(N4CC5CCC4CN5)nc(OC[C@@]45CCCN4C[C@H](F)C5)nc3c2F)c1,7.301029995663981
CHEMBL5283120,50.0,nM,[2H]C1([2H])CC[C@@]2(COc3nc(N4CC5CCC4CN5)c4cnc(-c5cc(O)cc(F)c5C5CC5)c(F)c4n3)C[C@@]([2H])(F)CN12,7.301029995663981
CHEMBL5284206,50.0,nM,Oc1cc(Cl)c(C2CC2)c(-c2ncc3c(N4CC5CCC4CN5)nc(OC[C@]45CCCN4C[C@@H](F)C5)nc3c2F)c1,7.301029995663981
CHEMBL5279095,50.0,nM,[2H]C1([2H])CC[C@]2(COc3nc(N4CC5CCC4CN5)c4cnc(-c5cc(O)cc(Cl)c5C5CC5)c(F)c4n3)C[C@]([2H])(F)CN12,7.301029995663981
CHEMBL5271704,50.0,nM,[2H]C1([2H])CC[C@@]2(COc3nc(N4CC5CCC4CN5)c4cnc(-c5cc(O)cc6ccc(F)c(C#C)c56)c(F)c4n3)C[C@@]([2H])(F)CN12,7.301029995663981
CHEMBL5275944,50.0,nM,[2H][C@H]1CN2CCC[C@@]2(COc2nc(N3CC4CCC3CN4)c3cnc(-c4cc(O)cc5ccc(F)c(C#C)c45)c(F)c3n2)C1,7.301029995663981
CHEMBL5279813,50.0,nM,[2H]C1([2H])CC[C@@]2(COc3nc(N4CC5CCC4CN5)c4cnc(-c5cc(O)cc6ccc(F)c(F)c56)c(F)c4n3)C[C@@]([2H])(F)CN12,7.301029995663981
CHEMBL5271131,50.0,nM,[2H]C1([2H])CC[C@@]2(COc3nc(N4CC5CCC4CN5)c4cnc(-c5cc(O)cc(Cl)c5C5CC5)c(F)c4n3)C[C@@]([2H])(F)CN12,7.301029995663981
CHEMBL5279741,100.0,nM,Cc1cc2c(-n3cncn3)nc3c(F)c(-c4cc(O)cc5ccc(Cl)cc45)c(CCC#N)cc3c2n1[C@H]1[C@H]2CN[C@@H]1C2,7.0
CHEMBL5286985,100.0,nM,C[C@H](Oc1nc2c(F)c(-c3csc4ccccc34)c(CCC#N)cc2c2c1cc(CN1CCCC1=O)n2[C@H]1[C@H]2CN[C@@H]1C2)[C@@H]1CCCN1C,7.0
CHEMBL5278600,100.0,nM,CN(C)C1(C)CN(c2nc3c(F)c(-c4cccc5ccc(F)cc45)c(CCC#N)cc3c3c2cc(CN2CCOCC2=O)n3[C@@H]2[C@@H]3CN[C@H]2C3)C1,7.0
CHEMBL5273368,100.0,nM,Cc1nc2c(F)c(-c3cccc(Cl)c3Cl)c(CCC#N)cc2c2c1cc([C@@H](C)NS(=O)(=O)C1CC1)n2[C@H]1[C@H]2CN[C@@H]1C2,7.0
CHEMBL5277348,100.0,nM,Cc1nc2c(F)c(-c3cccc(Cl)c3Cl)c(CCC#N)cc2c2c1cc([C@@H](C)NC(=O)c1cscn1)n2[C@H]1[C@H]2CN[C@@H]1C2,7.0
CHEMBL5277955,100.0,nM,Cc1nc2c(F)c(-c3cccc(Cl)c3Cl)c(CCC#N)cc2c2c1cc([C@@H](C)NC(=O)c1ccncn1)n2[C@H]1[C@H]2CN[C@@H]1C2,7.0
CHEMBL5279741,100.0,nM,Cc1cc2c(-n3cncn3)nc3c(F)c(-c4cc(O)cc5ccc(Cl)cc45)c(CCC#N)cc3c2n1[C@H]1[C@H]2CN[C@@H]1C2,7.0
CHEMBL5286985,100.0,nM,C[C@H](Oc1nc2c(F)c(-c3csc4ccccc34)c(CCC#N)cc2c2c1cc(CN1CCCC1=O)n2[C@H]1[C@H]2CN[C@@H]1C2)[C@@H]1CCCN1C,7.0
CHEMBL5278600,100.0,nM,CN(C)C1(C)CN(c2nc3c(F)c(-c4cccc5ccc(F)cc45)c(CCC#N)cc3c3c2cc(CN2CCOCC2=O)n3[C@@H]2[C@@H]3CN[C@H]2C3)C1,7.0
CHEMBL5273368,100.0,nM,Cc1nc2c(F)c(-c3cccc(Cl)c3Cl)c(CCC#N)cc2c2c1cc([C@@H](C)NS(=O)(=O)C1CC1)n2[C@H]1[C@H]2CN[C@@H]1C2,7.0
CHEMBL5277348,100.0,nM,Cc1nc2c(F)c(-c3cccc(Cl)c3Cl)c(CCC#N)cc2c2c1cc([C@@H](C)NC(=O)c1cscn1)n2[C@H]1[C@H]2CN[C@@H]1C2,7.0
CHEMBL5277955,100.0,nM,Cc1nc2c(F)c(-c3cccc(Cl)c3Cl)c(CCC#N)cc2c2c1cc([C@@H](C)NC(=O)c1ccncn1)n2[C@H]1[C@H]2CN[C@@H]1C2,7.0
CHEMBL5271053,50.0,nM,[2H]C1([2H])CC[C@]2(C([2H])([2H])Oc3nc(N4CC5CCC(C4)N5)c4cnc(-c5cc(O)cc6ccc(F)c(C#C)c56)c(F)c4n3)C[C@H](F)CN12,7.301029995663981
CHEMBL5289492,50.0,nM,[2H]C1([2H])CC[C@@]2(C([2H])([2H])Oc3nc(N4CC5CCC(C4)N5)c4cnc(-c5cc(O)cc6ccc(F)c(C#C)c56)c(F)c4n3)C[C@@]([2H])(F)CN12,7.301029995663981
CHEMBL5281775,50.0,nM,[2H]C([2H])(Oc1nc(N2CC3CCC(C2)N3)c2cnc(-c3cc(O)cc4ccc(F)c(C#C)c34)c(F)c2n1)[C@@]12CCCN1C[C@]([2H])(F)C2,7.301029995663981
CHEMBL5271197,50.0,nM,[2H]C([2H])(Oc1nc(N2CC3CCC(C2)N3)c2cnc(-c3cc(O)cc4ccc(F)c(C#C)c34)c(F)c2n1)[C@@]12CCCN1C[C@H](F)C2,7.301029995663981
CHEMBL5286333,50.0,nM,[2H]C1([2H])CC[C@@]2(COc3nc(N4CC5CCC(C4)N5)c4cnc(-c5cc(O)cc6ccc(F)c(C#C)c56)c(F)c4n3)C[C@@H](F)CN12,7.301029995663981
CHEMBL5267616,50.0,nM,[2H]C1([2H])CC[C@@]2(COc3nc(N4CC5CCC(C4)N5)c4cnc(-c5cc(O)cc6ccc(F)c(C#C)c56)c(F)c4n3)C[C@@]([2H])(F)CN12,7.301029995663981
CHEMBL5276263,50.0,nM,[2H]C([2H])(Oc1nc(N2CC3CCC2CN3)c2cnc(-c3cc(O)cc(Cl)c3C(F)(F)F)c(F)c2n1)C12CCCN1CCC2,7.301029995663981
CHEMBL5282484,50.0,nM,[2H]C([2H])(Oc1nc(N2CC3CCC(C2)N3)c2cnc(-c3cc(O)cc(Cl)c3C(F)(F)F)c(F)c2n1)C12CCCN1CCC2,7.301029995663981
CHEMBL5268860,50.0,nM,[2H]C1(F)CN2CCC[C@]2(COc2nc(N3CC4CCC(C3)N4)c3cnc(-c4cc(O)cc5ccc(F)c(C#C)c45)c(F)c3n2)C1,7.301029995663981
CHEMBL4858364,50.0,nM,C#Cc1c(F)ccc2cc(O)cc(-c3ncc4c(N5CC6CCC(C5)N6)nc(OC[C@@]56CCCN5C[C@H](F)C6)nc4c3F)c12,7.301029995663981
CHEMBL5280735,50.0,nM,[2H]C([2H])(Oc1nc2c(c(N3CC4CCC(C3)N4)n1)CCN(c1cc(O)cc(Cl)c1C(F)(F)F)C2)C12CCCN1CCC2,7.301029995663981
CHEMBL5277217,250.0,nM,[2H]C([2H])(Oc1nc2c(c(N3CC4CCC(C3)N4)n1)CCN(c1cc(O)ccc1C(F)(F)F)C2)C12CCCN1CCC2,6.6020599913279625
CHEMBL5289987,1.0,nM,CCc1c(F)ccc2cc(O)cc(-c3ncc4c(N5CC(O)CC6(CC6)C5)nc(OC[C@@]56CCCN5C[C@H](F)C6)nc4c3F)c12,9.0
CHEMBL5276699,1.0,nM,CCc1c(F)ccc2cc(O)cc(-c3ncc4c(N5CCCC6(CC(=O)N6)C5)nc(OC[C@@]56CCCN5C[C@H](F)C6)nc4c3F)c12,9.0
CHEMBL5286121,2.0,nM,Oc1cc(-c2ncc3c(N4CCCC5(CC(O)C5)C4)nc(OC[C@@]45CCCN4C[C@H](F)C5)nc3c2F)c2c(F)c(F)ccc2c1,8.698970004336019
CHEMBL5286301,2.0,nM,CCc1cccc2cc(O)cc(-c3ncc4c(N5CCCC6(CC(O)C6)C5)nc(OC[C@@]56CCCN5C[C@H](F)C6)nc4c3F)c12,8.698970004336019
CHEMBL5267786,1.0,nM,CCc1c(F)ccc2cc(O)cc(-c3ncc4c(N5CCCC6(CNC(=O)O6)C5)nc(OC[C@@]56CCCN5C[C@H](F)C6)nc4c3F)c12,9.0
CHEMBL5279240,2.0,nM,CCc1c(F)ccc2cc(O)cc(-c3ncc4c(N5CCCC6(CCO6)C5)nc(OC[C@@]56CCCN5C[C@H](F)C6)nc4c3F)c12,8.698970004336019
CHEMBL5279657,2.0,nM,CCc1cccc2cc(O)cc(-c3ncc4c(N5CCCC6(CCO6)C5)nc(OC[C@@]56CCCN5C[C@H](F)C6)nc4c3F)c12,8.698970004336019
CHEMBL5269272,1.0,nM,Oc1cc(-c2ncc3c(N4CCCC5(CCO5)C4)nc(OC[C@@]45CCCN4C[C@H](F)C5)nc3c2F)c2c(F)c(F)ccc2c1,9.0
CHEMBL5273122,1.0,nM,C#Cc1c(F)ccc2cc(O)cc(-c3ncc4c(N5CCCC6(CCO6)C5)nc(OC[C@@]56CCCN5C[C@H](F)C6)nc4c3F)c12,9.0
CHEMBL5290459,1.0,nM,Oc1cc(Cl)c(C2CC2)c(-c2ncc3c(N4CCCC5(CCO5)C4)nc(OC[C@@]45CCCN4C[C@H](F)C5)nc3c2F)c1,9.0
CHEMBL5265862,1.0,nM,Oc1cc(-c2ncc3c(N4CCC[C@]5(CCO5)C4)nc(OC[C@@]45CCCN4C[C@H](F)C5)nc3c2F)c2c(Cl)c(F)ccc2c1,9.0
CHEMBL5275926,10.0,nM,CCc1c(F)ccc2cc(O)cc(-c3ncc4c(N5CCCC6(CCO6)C5)nc(OC[C@@]56CCCN5C[C@H](F)C6)nc4c3C)c12,8.0
CHEMBL5289987,2.0,nM,CCc1c(F)ccc2cc(O)cc(-c3ncc4c(N5CC(O)CC6(CC6)C5)nc(OC[C@@]56CCCN5C[C@H](F)C6)nc4c3F)c12,8.698970004336019
CHEMBL5276699,2.0,nM,CCc1c(F)ccc2cc(O)cc(-c3ncc4c(N5CCCC6(CC(=O)N6)C5)nc(OC[C@@]56CCCN5C[C@H](F)C6)nc4c3F)c12,8.698970004336019
CHEMBL5286121,2.0,nM,Oc1cc(-c2ncc3c(N4CCCC5(CC(O)C5)C4)nc(OC[C@@]45CCCN4C[C@H](F)C5)nc3c2F)c2c(F)c(F)ccc2c1,8.698970004336019
CHEMBL5286301,1.0,nM,CCc1cccc2cc(O)cc(-c3ncc4c(N5CCCC6(CC(O)C6)C5)nc(OC[C@@]56CCCN5C[C@H](F)C6)nc4c3F)c12,9.0
CHEMBL5267786,1.0,nM,CCc1c(F)ccc2cc(O)cc(-c3ncc4c(N5CCCC6(CNC(=O)O6)C5)nc(OC[C@@]56CCCN5C[C@H](F)C6)nc4c3F)c12,9.0
CHEMBL5279240,3.0,nM,CCc1c(F)ccc2cc(O)cc(-c3ncc4c(N5CCCC6(CCO6)C5)nc(OC[C@@]56CCCN5C[C@H](F)C6)nc4c3F)c12,8.522878745280337
CHEMBL5279657,3.0,nM,CCc1cccc2cc(O)cc(-c3ncc4c(N5CCCC6(CCO6)C5)nc(OC[C@@]56CCCN5C[C@H](F)C6)nc4c3F)c12,8.522878745280337
CHEMBL5269272,2.0,nM,Oc1cc(-c2ncc3c(N4CCCC5(CCO5)C4)nc(OC[C@@]45CCCN4C[C@H](F)C5)nc3c2F)c2c(F)c(F)ccc2c1,8.698970004336019
CHEMBL5273122,1.0,nM,C#Cc1c(F)ccc2cc(O)cc(-c3ncc4c(N5CCCC6(CCO6)C5)nc(OC[C@@]56CCCN5C[C@H](F)C6)nc4c3F)c12,9.0
CHEMBL5290459,2.0,nM,Oc1cc(Cl)c(C2CC2)c(-c2ncc3c(N4CCCC5(CCO5)C4)nc(OC[C@@]45CCCN4C[C@H](F)C5)nc3c2F)c1,8.698970004336019
CHEMBL5265862,1.0,nM,Oc1cc(-c2ncc3c(N4CCC[C@]5(CCO5)C4)nc(OC[C@@]45CCCN4C[C@H](F)C5)nc3c2F)c2c(Cl)c(F)ccc2c1,9.0
CHEMBL5275926,4.0,nM,CCc1c(F)ccc2cc(O)cc(-c3ncc4c(N5CCCC6(CCO6)C5)nc(OC[C@@]56CCCN5C[C@H](F)C6)nc4c3C)c12,8.397940008672037
CHEMBL5289987,34.0,nM,CCc1c(F)ccc2cc(O)cc(-c3ncc4c(N5CC(O)CC6(CC6)C5)nc(OC[C@@]56CCCN5C[C@H](F)C6)nc4c3F)c12,7.468521082957745
CHEMBL5276699,44.0,nM,CCc1c(F)ccc2cc(O)cc(-c3ncc4c(N5CCCC6(CC(=O)N6)C5)nc(OC[C@@]56CCCN5C[C@H](F)C6)nc4c3F)c12,7.356547323513812
CHEMBL5286121,119.0,nM,Oc1cc(-c2ncc3c(N4CCCC5(CC(O)C5)C4)nc(OC[C@@]45CCCN4C[C@H](F)C5)nc3c2F)c2c(F)c(F)ccc2c1,6.924453038607469
CHEMBL5286301,22.0,nM,CCc1cccc2cc(O)cc(-c3ncc4c(N5CCCC6(CC(O)C6)C5)nc(OC[C@@]56CCCN5C[C@H](F)C6)nc4c3F)c12,7.657577319177793
CHEMBL5267786,24.0,nM,CCc1c(F)ccc2cc(O)cc(-c3ncc4c(N5CCCC6(CNC(=O)O6)C5)nc(OC[C@@]56CCCN5C[C@H](F)C6)nc4c3F)c12,7.619788758288394
CHEMBL5279240,3.0,nM,CCc1c(F)ccc2cc(O)cc(-c3ncc4c(N5CCCC6(CCO6)C5)nc(OC[C@@]56CCCN5C[C@H](F)C6)nc4c3F)c12,8.522878745280337
CHEMBL5279657,11.0,nM,CCc1cccc2cc(O)cc(-c3ncc4c(N5CCCC6(CCO6)C5)nc(OC[C@@]56CCCN5C[C@H](F)C6)nc4c3F)c12,7.958607314841775
CHEMBL5269272,9.0,nM,Oc1cc(-c2ncc3c(N4CCCC5(CCO5)C4)nc(OC[C@@]45CCCN4C[C@H](F)C5)nc3c2F)c2c(F)c(F)ccc2c1,8.045757490560675
CHEMBL5273122,43.0,nM,C#Cc1c(F)ccc2cc(O)cc(-c3ncc4c(N5CCCC6(CCO6)C5)nc(OC[C@@]56CCCN5C[C@H](F)C6)nc4c3F)c12,7.366531544420414
CHEMBL5290459,66.0,nM,Oc1cc(Cl)c(C2CC2)c(-c2ncc3c(N4CCCC5(CCO5)C4)nc(OC[C@@]45CCCN4C[C@H](F)C5)nc3c2F)c1,7.180456064458132
CHEMBL5265862,3.0,nM,Oc1cc(-c2ncc3c(N4CCC[C@]5(CCO5)C4)nc(OC[C@@]45CCCN4C[C@H](F)C5)nc3c2F)c2c(Cl)c(F)ccc2c1,8.522878745280337
CHEMBL5275926,7.0,nM,CCc1c(F)ccc2cc(O)cc(-c3ncc4c(N5CCCC6(CCO6)C5)nc(OC[C@@]56CCCN5C[C@H](F)C6)nc4c3C)c12,8.154901959985743
CHEMBL5273809,50.0,nM,Cc1cc2c(nc(O[C@@H](C)[C@@H]3CCCN3C)c3nnn([C@H]4CCN(C(=O)/C=C/CF)[C@H](CC#N)C4)c32)c(F)c1-c1ccc2cnn(C)c2c1,7.301029995663981
CHEMBL5272063,50.0,nM,COC/C=C/C(=O)N1CC[C@H](n2nnc3c(O[C@@H](C)[C@@H]4CCCN4C)nc4c(F)c(-c5nn(C)c6ccccc56)c(C)cc4c32)C[C@H]1CC#N,7.301029995663981
CHEMBL5290394,50.0,nM,COC/C=C/C(=O)N1CC[C@H](n2nnc3c(O[C@@H](C)[C@@H]4CCCN4C)nc4c(F)c(-c5ccc(F)cc5)c(C)cc4c32)C[C@H]1CC#N,7.301029995663981
CHEMBL5290245,50.0,nM,Cc1cccc(-c2c(C)cc3c(nc(N4CC(C)(N(C)C)C4)c4nnn([C@H]5CCN(C(=O)/C=C/CF)[C@H](CC#N)C5)c43)c2F)c1Cl,7.301029995663981
CHEMBL5276503,50.0,nM,COC/C=C/C(=O)N1CC[C@H](n2nnc3c(O[C@@H](C)[C@@H]4CCCN4C)nc4c(F)c(-c5ncc(F)c6ccccc56)c(C)cc4c32)C[C@H]1CC#N,7.301029995663981
CHEMBL5272621,50.0,nM,C=C(F)C(=O)N1CC[C@H](n2nnc3c(O[C@@H](C)[C@@H]4CCCN4C)nc4c(F)c(-c5ncc(F)c6ccccc56)c(C)cc4c32)C[C@H]1CC#N,7.301029995663981
CHEMBL5273809,50.0,nM,Cc1cc2c(nc(O[C@@H](C)[C@@H]3CCCN3C)c3nnn([C@H]4CCN(C(=O)/C=C/CF)[C@H](CC#N)C4)c32)c(F)c1-c1ccc2cnn(C)c2c1,7.301029995663981
CHEMBL5272063,50.0,nM,COC/C=C/C(=O)N1CC[C@H](n2nnc3c(O[C@@H](C)[C@@H]4CCCN4C)nc4c(F)c(-c5nn(C)c6ccccc56)c(C)cc4c32)C[C@H]1CC#N,7.301029995663981
CHEMBL5290394,50.0,nM,COC/C=C/C(=O)N1CC[C@H](n2nnc3c(O[C@@H](C)[C@@H]4CCCN4C)nc4c(F)c(-c5ccc(F)cc5)c(C)cc4c32)C[C@H]1CC#N,7.301029995663981
CHEMBL5290245,50.0,nM,Cc1cccc(-c2c(C)cc3c(nc(N4CC(C)(N(C)C)C4)c4nnn([C@H]5CCN(C(=O)/C=C/CF)[C@H](CC#N)C5)c43)c2F)c1Cl,7.301029995663981
CHEMBL5276503,50.0,nM,COC/C=C/C(=O)N1CC[C@H](n2nnc3c(O[C@@H](C)[C@@H]4CCCN4C)nc4c(F)c(-c5ncc(F)c6ccccc56)c(C)cc4c32)C[C@H]1CC#N,7.301029995663981
CHEMBL5272621,50.0,nM,C=C(F)C(=O)N1CC[C@H](n2nnc3c(O[C@@H](C)[C@@H]4CCCN4C)nc4c(F)c(-c5ncc(F)c6ccccc56)c(C)cc4c32)C[C@H]1CC#N,7.301029995663981
CHEMBL5273809,50.0,nM,Cc1cc2c(nc(O[C@@H](C)[C@@H]3CCCN3C)c3nnn([C@H]4CCN(C(=O)/C=C/CF)[C@H](CC#N)C4)c32)c(F)c1-c1ccc2cnn(C)c2c1,7.301029995663981
CHEMBL5272063,50.0,nM,COC/C=C/C(=O)N1CC[C@H](n2nnc3c(O[C@@H](C)[C@@H]4CCCN4C)nc4c(F)c(-c5nn(C)c6ccccc56)c(C)cc4c32)C[C@H]1CC#N,7.301029995663981
CHEMBL5290394,50.0,nM,COC/C=C/C(=O)N1CC[C@H](n2nnc3c(O[C@@H](C)[C@@H]4CCCN4C)nc4c(F)c(-c5ccc(F)cc5)c(C)cc4c32)C[C@H]1CC#N,7.301029995663981
CHEMBL5290245,50.0,nM,Cc1cccc(-c2c(C)cc3c(nc(N4CC(C)(N(C)C)C4)c4nnn([C@H]5CCN(C(=O)/C=C/CF)[C@H](CC#N)C5)c43)c2F)c1Cl,7.301029995663981
CHEMBL5276503,50.0,nM,COC/C=C/C(=O)N1CC[C@H](n2nnc3c(O[C@@H](C)[C@@H]4CCCN4C)nc4c(F)c(-c5ncc(F)c6ccccc56)c(C)cc4c32)C[C@H]1CC#N,7.301029995663981
CHEMBL5272621,50.0,nM,C=C(F)C(=O)N1CC[C@H](n2nnc3c(O[C@@H](C)[C@@H]4CCCN4C)nc4c(F)c(-c5ncc(F)c6ccccc56)c(C)cc4c32)C[C@H]1CC#N,7.301029995663981
CHEMBL5438399,8200.0,nM,Cc1cc(N)nc(-c2cc3nc(OC[C@@H]4CCCN4C)nc4c3c(c2Cl)OC[C@@H]2CN(C(=O)[C@H](C)N(C)C)CCN42)c1C(F)(F)F,5.086186147616283
CHEMBL5407974,550.0,nM,Cc1cc(N)nc(-c2cc3nc(OC[C@@H]4CCCN4C)nc4c3c(c2Cl)OC[C@@H]2CN(C(=O)C3(N)CC3)CCN42)c1C(F)(F)F,6.259637310505756
CHEMBL5420106,880.0,nM,COC1CC(N)(C(=O)N2CCN3c4nc(OC[C@@H]5CCCN5C)nc5cc(-c6nc(N)cc(C)c6C(F)(F)F)c(Cl)c(c45)OC[C@@H]3C2)C1,6.055517327849832
CHEMBL5403842,2700.0,nM,Cc1cc(N)nc(-c2cc3nc(OC[C@@H]4CCCN4C)nc4c3c(c2Cl)OC[C@@H]2CN(C(=O)CCN)CCN42)c1C(F)(F)F,5.568636235841013
CHEMBL5434458,9000.0,nM,Cc1cc(N)nc(-c2cc3nc(OC[C@@H]4CCCN4C)nc4c3c(c2Cl)OC[C@@H]2CN(C(=O)CC3CC5(CCC5)CN3)CCN42)c1C(F)(F)F,5.045757490560675
CHEMBL5429318,3000.0,nM,Cc1cc(N)nc(-c2cc3nc(OC[C@@H]4CCCN4C)nc4c3c(c2Cl)OC[C@@H]2CN(C(=O)[C@@H]3CC[C@H]3N)CCN42)c1C(F)(F)F,5.522878745280337
CHEMBL5407640,1300.0,nM,Cc1cc(N)nc(-c2cc3nc(OC[C@@H]4CCCN4C)nc4c3c(c2Cl)OC[C@@H]2CN(C(=O)CCC3(N)CCOC3)CCN42)c1C(F)(F)F,5.886056647693163
CHEMBL5400481,1900.0,nM,Cc1cc(N)nc(-c2cc3nc(OC[C@@H]4CCCN4C)nc4c3c(c2Cl)OC[C@@H]2CN(C(=O)CC[C@@]3(C)CCCN3)CCN42)c1C(F)(F)F,5.721246399047171
CHEMBL5403626,2600.0,nM,Cc1cc(N)nc(-c2cc3nc(OC[C@@H]4CCCN4C)nc4c3c(c2Cl)OC[C@@H]2CN(C(=O)C[C@@H]3CCNC3)CCN42)c1C(F)(F)F,5.585026652029182
CHEMBL5423141,14000.0,nM,Cc1cc(N)nc(-c2cc3nc(OC[C@@H]4CCCN4C)nc4c3c(c2Cl)OC[C@@H]2CN(C(=O)C3CC(N)CCO3)CCN42)c1C(F)(F)F,4.853871964321762
CHEMBL5400366,2000.0,nM,Cc1cc(N)nc(-c2cc3nc(OC[C@@H]4CCCN4C)nc4c3c(c2Cl)OC[C@@H]2CN(C(=O)CC[C@H]3CCCCN3)CCN42)c1C(F)(F)F,5.698970004336019
CHEMBL5421903,1700.0,nM,Cc1cc(N)nc(-c2cc3nc(OC[C@@H]4CCCN4C)nc4c3c(c2Cl)OC[C@@H]2CN(C(=O)CC[C@@H]3CCCCN3)CCN42)c1C(F)(F)F,5.769551078621726
CHEMBL5399365,3200.0,nM,Cc1cc(N)nc(-c2cc3nc(OC[C@@H]4CCCN4C)nc4c3c(c2Cl)OC[C@@H]2CN(C(=O)C3CCNCC3)CCN42)c1C(F)(F)F,5.494850021680094
CHEMBL5432250,2400.0,nM,Cc1cc(N)nc(-c2cc3nc(OC[C@@H]4CCCN4C)nc4c3c(c2Cl)OC[C@@H]2CN(C(=O)C3CC35CNC5)CCN42)c1C(F)(F)F,5.619788758288394
CHEMBL5407525,4800.0,nM,Cc1cc(N)nc(-c2cc3nc(OC[C@@H]4CCCN4C)nc4c3c(c2Cl)OC[C@@H]2CN(C(=O)CC3CCNCC3)CCN42)c1C(F)(F)F,5.318758762624412
CHEMBL5440407,2400.0,nM,Cc1cc(N)nc(-c2cc3nc(OC[C@@H]4CCCN4C)nc4c3c(c2Cl)OC[C@@H]2CN(C(=O)C3CC35CCNCC5)CCN42)c1C(F)(F)F,5.619788758288394
CHEMBL5439684,2100.0,nM,Cc1cc(N)nc(-c2cc3nc(OC[C@@H]4CCCN4C)nc4c3c(c2Cl)OC[C@@H]2CN(C(=O)CCC3CCNC3)CCN42)c1C(F)(F)F,5.6777807052660805
CHEMBL5401087,3500.0,nM,Cc1cc(N)nc(-c2cc3nc(OC[C@@H]4CCCN4C)nc4c3c(c2Cl)OC[C@@H]2CN(C(=O)C[C@H]3CCC35CNC5)CCN42)c1C(F)(F)F,5.455931955649724
CHEMBL5433325,1600.0,nM,Cc1cc(N)nc(-c2cc3nc(OC[C@@H]4CCCN4C)nc4c3c(c2Cl)OC[C@@H]2CN(C(=O)C3CCC5(CNC5)O3)CCN42)c1C(F)(F)F,5.795880017344075
CHEMBL5413213,1600.0,nM,Cc1cc(N)nc(-c2cc3nc(OC[C@@H]4CCCN4C)nc4c3c(c2Cl)OC[C@@H]2CN(C(=O)C#CC3CCNC3)CCN42)c1C(F)(F)F,5.795880017344075
CHEMBL5429450,180.0,nM,Cc1cc(N)nc(-c2cc3nc(OC[C@@H]4CCCN4C)nc4c3c(c2Cl)OC[C@@H]2CN(C(=O)/C=C/c3nccc5c3CNCC5)CCN42)c1C(F)(F)F,6.7447274948966935
CHEMBL5408294,13.0,nM,C=C1CN2CCC[C@@]2(COc2nc3c4c(c(Cl)c(-c5nc(N)cc(C)c5C(F)(F)F)cc4n2)OC[C@@H]2CN(C(=O)/C=C/c4nccc5c4CNCC5)CCN32)C1,7.886056647693163
CHEMBL5415578,1.5,nM,C=C1CN2CCC[C@@]2(COc2nc3c4c(c(Cl)c(-c5nc(N)cc(C)c5C(F)(F)F)c(F)c4n2)OC[C@@H]2CN(C(=O)/C=C/c4nccc5c4CNCC5)CCN32)C1,8.823908740944319
CHEMBL5413109,2700.0,nM,Cc1cc(N)nc(-c2c(Cl)c3c4c(ncnc4c2F)N2CCN(C(=O)/C=C/c4nccc5c4CNCC5)C[C@H]2CO3)c1C(F)(F)F,5.568636235841013
CHEMBL5402298,49.0,nM,C=C1CN2CCC[C@@]2(COc2nc3c4c(c(Cl)c(-c5nc(N)cc(C)c5C(F)(F)F)cc4n2)OC[C@@H]2CN(C(=O)/C=C/c4nccc5c4CN(C)CC5)CCN32)C1,7.309803919971486
CHEMBL5413564,2.1,nM,C=C1CN2CCC[C@@]2(COc2nc(N3CCN(C(=O)/C=C/c4nccc5c4CNCC5)C[C@@H]3C)c3cc(Cl)c(-c4nc(N)cc(C)c4C(F)(F)F)c(F)c3n2)C1,8.67778070526608
CHEMBL5397857,530.0,nM,C=C1CN2CCC[C@@]2(COc2nc(N3CCN(C(=O)/C=C/c4cc(CNC)ccn4)C[C@@H]3C)c3cc(Cl)c(-c4nc(N)cc(C)c4C(F)(F)F)c(F)c3n2)C1,6.275724130399211
CHEMBL5406019,4100.0,nM,C=C1CN2CCC[C@@]2(COc2nc(N3CCN(C(=O)/C=C/c4cc(CN5CCOCC5)ccn4)C[C@@H]3C)c3cc(Cl)c(-c4nc(N)cc(C)c4C(F)(F)F)c(F)c3n2)C1,5.3872161432802645
CHEMBL5437416,500.0,nM,C=C1CN2CCC[C@@]2(COc2nc(N3CCN(C(=O)/C=C/c4cc(CNC)c(C)cn4)C[C@@H]3C)c3cc(Cl)c(-c4nc(N)cc(C)c4C(F)(F)F)c(F)c3n2)C1,6.301029995663981
CHEMBL5428469,520.0,nM,C=C1CN2CCC[C@@]2(COc2nc(N3CCN(C(=O)/C=C/c4cc(CN(C)C)c(C)cn4)C[C@@H]3C)c3cc(Cl)c(-c4nc(N)cc(C)c4C(F)(F)F)c(F)c3n2)C1,6.2839966563652006
CHEMBL5431314,340.0,nM,C=C1CN2CCC[C@@]2(COc2nc(N3CCN(C(=O)/C=C/c4cc(C5CCN(C)CC5)c(C)cn4)C[C@@H]3C)c3cc(Cl)c(-c4nc(N)cc(C)c4C(F)(F)F)c(F)c3n2)C1,6.468521082957745
CHEMBL5404413,690.0,nM,C=C1CN2CCC[C@@]2(COc2nc(N3CCN(C(=O)/C=C/c4cccc5c4CNCC5)C[C@@H]3C)c3cc(Cl)c(-c4nc(N)cc(C)c4C(F)(F)F)c(F)c3n2)C1,6.161150909262744
CHEMBL5401101,460.0,nM,C=C1CN2CCC[C@@]2(COc2nc(N3CCN(C(=O)/C=C/c4cccc5c4CNC(C)(C)C5)C[C@@H]3C)c3cc(Cl)c(-c4nc(N)cc(C)c4C(F)(F)F)c(F)c3n2)C1,6.337242168318426
CHEMBL5408905,550.0,nM,C=C1CN2CCC[C@@]2(COc2nc(N3CCN(C(=O)/C=C/c4cccc5c4CN4CCC5C4)C[C@@H]3C)c3cc(Cl)c(-c4nc(N)cc(C)c4C(F)(F)F)c(F)c3n2)C1,6.259637310505756
CHEMBL5408905,410.0,nM,C=C1CN2CCC[C@@]2(COc2nc(N3CCN(C(=O)/C=C/c4cccc5c4CN4CCC5C4)C[C@@H]3C)c3cc(Cl)c(-c4nc(N)cc(C)c4C(F)(F)F)c(F)c3n2)C1,6.3872161432802645
CHEMBL66699,5.2,nM,O=C(Cc1ccncc1)N1CCN([C@H]2c3ccc(Cl)cc3CCc3cccnc32)CC1,8.2839966563652
CHEMBL298734,40.0,nM,NC(=O)N1CCC(CC(=O)N2CCC([C@H]3c4ncc(Br)cc4CCc4cc(Cl)cc(Br)c43)CC2)CC1,7.3979400086720375
CHEMBL4535757,7.0,nM,C=CC(=O)N1CCN(c2nc(=O)n(-c3c(C)ccnc3C(C)C)c3nc(-c4c(O)cccc4F)c(F)cc23)[C@@H](C)C1,8.154901959985743
CHEMBL4594350,5.0,nM,C=C(F)C(=O)N1CCN(c2nc(OC[C@@H]3CCCN3C)nc3c2CCN(c2cccc4cccc(Cl)c24)C3)C[C@@H]1CC#N,8.301029995663981
CHEMBL5416793,3.0,nM,C=CC(=O)N1C[C@H]2CCOc3c(Cl)c(-c4c(O)cccc4F)c(F)c4ncnc(c34)N2C[C@H]1C,8.522878745280337
CHEMBL5417514,15.0,nM,C=CC(=O)N1CCN2Cc3cc(C#CC)c(-c4c(O)cccc4Cl)c(F)c3OC[C@H]2C1,7.823908740944319
CHEMBL4475526,82.0,nM,C=CC(=O)N1CCN2c3ncnc4cc(-c5c(C)ccc6[nH]ncc56)c(Cl)c(c34)OC[C@@H]2C1,7.086186147616283
CHEMBL5418874,4298.0,nM,C=CC(=O)N1CCN2C(=O)c3ccc(-c4c(C)ccc5[nH]ncc45)c(Cl)c3OC[C@@H]2C1,5.366733588844576
CHEMBL5431650,1312.0,nM,C=CC(=O)N1CCN2Cc3ccc(-c4c(C)ccc5[nH]ncc45)c(Cl)c3OC[C@@H]2C1,5.882066164960358
CHEMBL5417255,332.0,nM,C=CC(=O)N1CCN2Cc3ccc(-c4c(C)ccc5[nH]ncc45)c(Cl)c3OC[C@H]2C1,6.478861916295964
CHEMBL5411023,8290.0,nM,C=CC(=O)N1CCN2Cc3ccc(-c4c(C)ccc5[nH]ncc45)c(Cl)c3OCCC2C1,5.081445469449727
CHEMBL5411023,4010.0,nM,C=CC(=O)N1CCN2Cc3ccc(-c4c(C)ccc5[nH]ncc45)c(Cl)c3OCCC2C1,5.396855627379818
CHEMBL5434277,231.0,nM,C=CC(=O)N1CCN2Cc3ccc(-c4c(O)cccc4F)c(Cl)c3OC[C@H]2C1,6.636388020107856
CHEMBL5423732,149.0,nM,C=CC(=O)N1CCN2Cc3cc(F)c(-c4c(O)cccc4F)c(Cl)c3OC[C@H]2C1,6.826813731587726
CHEMBL5439404,279.0,nM,C=CC(=O)N1CCN2Cc3cc(F)c(-c4c(O)cccc4F)c(F)c3OC[C@H]2C1,6.554395796726403
CHEMBL5397175,90.0,nM,C=CC(=O)N1CCN2Cc3cc(F)c(-c4c(C)cccc4O)c(F)c3OC[C@H]2C1,7.045757490560675
CHEMBL5436538,43.0,nM,C=CC(=O)N1CCN2Cc3cc(F)c(-c4c(O)cccc4Cl)c(F)c3OC[C@H]2C1.O,7.366531544420414
CHEMBL5425389,29.0,nM,C=CC(=O)N1CCN2Cc3cc(Cl)c(-c4c(O)cccc4Cl)c(F)c3OC[C@H]2C1,7.5376020021010435
CHEMBL5411433,74.0,nM,C=CC(=O)N1CCN2Cc3cc(OC)c(-c4c(O)cccc4Cl)c(F)c3OC[C@H]2C1,7.130768280269024
CHEMBL5431716,81.0,nM,C=CC(=O)N1CCN2Cc3cc(OC4CC4)c(-c4c(O)cccc4Cl)c(F)c3OC[C@H]2C1,7.0915149811213505
CHEMBL5399669,160.0,nM,C=CC(=O)N1CCN2Cc3cc(OC(F)F)c(-c4c(O)cccc4Cl)c(F)c3OC[C@H]2C1,6.795880017344075
CHEMBL5396905,99.0,nM,C=CC(=O)N1CCN2C(=O)c3cc(OCCOC)c(-c4c(O)cccc4Cl)c(F)c3OC[C@H]2C1,7.00436480540245
CHEMBL5440242,110.0,nM,C=CC(=O)N1CCN2Cc3cc(OCCN(C)C)c(-c4c(O)cccc4Cl)c(F)c3OC[C@H]2C1,6.958607314841775
CHEMBL5434387,22.0,nM,C=CC(=O)N1CCN2Cc3cc(C4CC4)c(-c4c(O)cccc4Cl)c(F)c3OC[C@H]2C1,7.657577319177793
CHEMBL5397270,130.0,nM,C=CC(=O)N1CCN2Cc3cc(C(F)F)c(-c4c(O)cccc4Cl)c(F)c3OC[C@H]2C1,6.886056647693163
CHEMBL5395862,16.0,nM,C=CC(=O)N1CCN2Cc3cc(C#N)c(-c4c(O)cccc4Cl)c(F)c3OC[C@H]2C1,7.795880017344075
CHEMBL5431111,19.0,nM,C#Cc1cc2c(c(F)c1-c1c(O)cccc1Cl)OC[C@H]1CN(C(=O)C=C)CCN1C2,7.721246399047171
CHEMBL5434304,7817.0,nM,C=CC(=O)N1CCN(Cc2cc(F)c(-c3c(O)cccc3Cl)c(F)c2)CC1,5.106959888042882
CHEMBL5436936,13610.0,nM,C#Cc1cc(CN2CCN(C(=O)C=C)CC2)cc(F)c1-c1c(O)cccc1Cl,4.866141874796665
CHEMBL5419780,3000.0,nM,O=C1O[C@H]2CN(c3nc(OCC45CCCN4CCC5)nc4c(F)c(-c5cccc6cccc(Cl)c56)ncc34)CC[C@@H]12,5.522878745280337
CHEMBL5406644,15.0,nM,Oc1cc(N2CCc3c(nc(OCC45CCCN4CCC5)nc3N3CC4CCC(C3)N4)C2)c2c(Cl)cccc2c1,7.823908740944319
CHEMBL5401145,46.0,nM,CCc1c(F)ccc2cc(O)cc(-c3ncc4c(N5CC6CCC(C5)N6)cc(OC[C@@]56CCCN5C[C@H](F)C6)nc4c3F)c12,7.337242168318426
CHEMBL5428155,7.9,nM,C#Cc1c(F)ccc2cc(O)cc(-c3ncc4c(N5CC6CCC(C5)N6)cc(OC[C@@]56CCCN5C[C@H](F)C6)nc4c3F)c12,8.102372908709558
CHEMBL5394061,9.5,nM,C#Cc1cccc2cc(O)cc(-c3ncc4c(N5CC6CCC(C5)N6)cc(OC[C@@]56CCCN5C[C@H](F)C6)nc4c3F)c12,8.022276394711152
CHEMBL5405893,24.0,nM,C#Cc1c(F)ccc2cc(O)cc(-c3ncc4c(N5CC6CCC(C)(C5)N6)cc(OC[C@@]56CCCN5C[C@H](F)C6)nc4c3F)c12,7.619788758288394
CHEMBL5430615,439.0,nM,C#Cc1c(F)ccc2cc(O)cc(-c3ncc4c(N5CC6CCC(C5)N6)cc(C#C[C@@]56CCCN5C[C@H](F)C6)nc4c3F)c12,6.357535479757878
CHEMBL5430597,305.0,nM,CCc1c(F)ccc2cc(O)cc(-c3ncc4c(N5CC6CCC(C5)N6)cc(C#C[C@@]56CCCN5C[C@H](F)C6)nc4c3F)c12,6.515700160653214
CHEMBL5398980,40.0,nM,Oc1cc(-c2ncc3c(N4CC5CCC(C4)N5)cc(OC[C@@]45CCCN4C[C@H](F)C5)nc3c2F)c2c(F)cccc2c1,7.3979400086720375
